patch,records,distinct_paths,reversed_pairs,singleton_paths,sampled_pixels,d3_equals_distinct_d2,d3_equals_distinct_d3,nearest_two_both_singletons,mean_d3_minus_distinct_d2_m,max_d3_minus_distinct_d2_m
est_input_RAD_OPERA_HOURLY_RAINFALL_ACCUMULATION_202301180600_patch000.json,1184,653,531,122,4096,3889,688,224,49.52160121693024,4386.643891568849
est_input_RAD_OPERA_HOURLY_RAINFALL_ACCUMULATION_202301180900_patch002.json,1085,598,487,111,4096,3906,691,201,47.95751551939745,4773.613895872257
est_input_RAD_OPERA_HOURLY_RAINFALL_ACCUMULATION_202301181200_patch003.json,1106,612,494,118,4096,3911,697,201,30.520816231315305,2651.374972591165
est_input_RAD_OPERA_HOURLY_RAINFALL_ACCUMULATION_202301181300_patch002.json,1163,640,523,117,4096,3941,628,167,25.381571411736658,2357.8225947850583
est_input_RAD_OPERA_HOURLY_RAINFALL_ACCUMULATION_202301181900_patch000.json,1413,779,634,145,4096,3941,653,165,22.42978314697607,2661.9902650473814
est_input_RAD_OPERA_HOURLY_RAINFALL_ACCUMULATION_202301190000_patch000.json,1337,738,599,139,4096,3920,625,185,27.925248895726966,3711.513714837537
est_input_RAD_OPERA_HOURLY_RAINFALL_ACCUMULATION_202301190300_patch000.json,1515,837,678,159,4096,3934,720,202,35.62471212169301,4349.229788492316
est_input_RAD_OPERA_HOURLY_RAINFALL_ACCUMULATION_202301190300_patch001.json,1633,901,732,169,4096,3929,664,189,23.729211205764656,2431.7728456217483
est_input_RAD_OPERA_HOURLY_RAINFALL_ACCUMULATION_202301190700_patch000.json,1612,890,722,168,4096,3873,687,234,31.301740929892482,2506.8681519476077
est_input_RAD_OPERA_HOURLY_RAINFALL_ACCUMULATION_202301190800_patch001.json,1241,684,557,127,4096,3971,610,138,15.371128556388873,2269.5353444903894
est_input_RAD_OPERA_HOURLY_RAINFALL_ACCUMULATION_202301190800_patch002.json,1327,731,596,135,4096,3957,649,150,22.84411421996552,2437.2336880833454
est_input_RAD_OPERA_HOURLY_RAINFALL_ACCUMULATION_202301190900_patch001.json,1281,708,573,135,4096,3917,640,188,28.82721565288928,2459.5875975810836
est_input_RAD_OPERA_HOURLY_RAINFALL_ACCUMULATION_202301192000_patch000.json,1496,828,668,160,4096,3855,701,245,59.27764847718183,4012.4300252218572
est_input_RAD_OPERA_HOURLY_RAINFALL_ACCUMULATION_202301200400_patch000.json,1321,731,590,141,4096,3833,733,273,72.89444042508967,4373.7242647252315
est_input_RAD_OPERA_HOURLY_RAINFALL_ACCUMULATION_202301200800_patch001.json,1523,840,683,157,4096,3947,612,157,19.70432535170297,2418.982594851836
est_input_RAD_OPERA_HOURLY_RAINFALL_ACCUMULATION_202301201300_patch000.json,980,541,439,102,4096,3927,636,177,19.932199610622686,2255.6279685106138
est_input_RAD_OPERA_HOURLY_RAINFALL_ACCUMULATION_202301201600_patch002.json,939,519,420,99,4096,3942,658,163,24.574768202818355,2485.2106245719124
est_input_RAD_OPERA_HOURLY_RAINFALL_ACCUMULATION_202301210300_patch000.json,1342,742,600,142,4096,3891,716,215,54.370127739624564,4349.616706630248
est_input_RAD_OPERA_HOURLY_RAINFALL_ACCUMULATION_202301210800_patch002.json,1567,864,703,161,4096,3989,573,114,17.169332538663927,2416.701208197902
est_input_RAD_OPERA_HOURLY_RAINFALL_ACCUMULATION_202301210900_patch000.json,1668,920,748,172,4096,3958,640,143,23.91276705493785,2495.461218677918
est_input_RAD_OPERA_HOURLY_RAINFALL_ACCUMULATION_202301211500_patch000.json,1155,639,516,123,4096,3830,706,269,86.4718631260341,4261.478071802885
est_input_RAD_OPERA_HOURLY_RAINFALL_ACCUMULATION_202301211800_patch000.json,1037,571,466,105,4096,3938,615,165,19.620086533856433,2574.221229157827
est_input_RAD_OPERA_HOURLY_RAINFALL_ACCUMULATION_202301211900_patch000.json,1490,821,669,152,4096,3941,663,164,26.951846499391543,2958.850383137243
est_input_RAD_OPERA_HOURLY_RAINFALL_ACCUMULATION_202301211900_patch001.json,1307,721,586,135,4096,3924,629,180,25.427335262486004,1934.3763600205184
est_input_RAD_OPERA_HOURLY_RAINFALL_ACCUMULATION_202301212300_patch000.json,1227,677,550,127,4096,3943,622,158,23.84544496669711,2251.2401303335128
est_input_RAD_OPERA_HOURLY_RAINFALL_ACCUMULATION_202301220000_patch001.json,1400,772,628,144,4096,3960,677,145,19.901057629256794,2571.9398425039485
est_input_RAD_OPERA_HOURLY_RAINFALL_ACCUMULATION_202301220100_patch001.json,1114,614,500,114,4096,3909,622,195,33.711126828819005,3816.722209118575
est_input_RAD_OPERA_HOURLY_RAINFALL_ACCUMULATION_202301221200_patch000.json,1561,862,699,163,4096,3932,653,170,25.23035356135481,2521.0108630730433
est_input_RAD_OPERA_HOURLY_RAINFALL_ACCUMULATION_202301222100_patch000.json,1073,593,480,113,4096,3933,649,170,21.286592860315373,2196.3908833355595
est_input_RAD_OPERA_HOURLY_RAINFALL_ACCUMULATION_202301230100_patch000.json,1254,691,563,128,4096,3912,647,197,40.93421786004872,3799.9377361576953
est_input_RAD_OPERA_HOURLY_RAINFALL_ACCUMULATION_202301230600_patch003.json,1394,769,625,144,4096,3942,673,159,21.08842349778519,2339.1287313320636
est_input_RAD_OPERA_HOURLY_RAINFALL_ACCUMULATION_202301231200_patch001.json,1457,804,653,151,4096,3930,591,173,23.968055494418422,2501.3097255200564
est_input_RAD_OPERA_HOURLY_RAINFALL_ACCUMULATION_202301231200_patch002.json,1410,779,631,148,4096,3917,609,190,37.75829843538423,3267.9852560387753
est_input_RAD_OPERA_HOURLY_RAINFALL_ACCUMULATION_202301231200_patch003.json,1351,745,606,139,4096,3975,628,129,18.51330941281962,2762.453007916594
est_input_RAD_OPERA_HOURLY_RAINFALL_ACCUMULATION_202301231300_patch001.json,1479,819,660,159,4096,3924,648,182,21.59876563789095,2052.555863872599
est_input_RAD_OPERA_HOURLY_RAINFALL_ACCUMULATION_202301231400_patch002.json,1576,868,708,160,4096,3950,618,155,24.647987527917543,2432.6709147754627
est_input_RAD_OPERA_HOURLY_RAINFALL_ACCUMULATION_202301231400_patch003.json,1451,801,650,151,4096,3848,705,262,53.35140417135065,3423.8472154684523
est_input_RAD_OPERA_HOURLY_RAINFALL_ACCUMULATION_202301231600_patch001.json,1403,775,628,147,4096,3888,653,217,60.290692595331755,4251.379402952074
est_input_RAD_OPERA_HOURLY_RAINFALL_ACCUMULATION_202301231700_patch000.json,1407,776,631,145,4096,3972,641,133,18.03168870138957,2517.9666621115916
est_input_RAD_OPERA_HOURLY_RAINFALL_ACCUMULATION_202301231900_patch000.json,1458,805,653,152,4096,3878,679,230,47.66063006986155,4515.230917182516
est_input_RAD_OPERA_HOURLY_RAINFALL_ACCUMULATION_202301240500_patch000.json,1996,1104,892,212,4096,3953,577,149,23.66158367663078,2418.982594851837
est_input_RAD_OPERA_HOURLY_RAINFALL_ACCUMULATION_202301240700_patch000.json,1098,607,491,116,4096,3916,748,190,30.866128597607748,2954.0658533706296
est_input_RAD_OPERA_HOURLY_RAINFALL_ACCUMULATION_202301241500_patch000.json,1758,970,788,182,4096,3918,650,180,39.01138102823424,3265.1019892021486
est_input_RAD_OPERA_HOURLY_RAINFALL_ACCUMULATION_202301241500_patch001.json,1227,676,551,125,4096,3925,731,189,25.716424213882174,2459.3081919299184
est_input_RAD_OPERA_HOURLY_RAINFALL_ACCUMULATION_202301241700_patch000.json,1213,669,544,125,4096,3961,575,144,21.030499805701666,2500.0239919857745
est_input_RAD_OPERA_HOURLY_RAINFALL_ACCUMULATION_202301241700_patch002.json,1073,593,480,113,4096,3927,665,181,20.687378538139455,2578.784002465732
est_input_RAD_OPERA_HOURLY_RAINFALL_ACCUMULATION_202301241900_patch001.json,1066,587,479,108,4096,3933,648,174,33.746651482551286,3706.0591436481645
est_input_RAD_OPERA_HOURLY_RAINFALL_ACCUMULATION_202301242200_patch001.json,1410,779,631,148,4096,3888,634,216,43.29286078962808,3377.02916903365
est_input_RAD_OPERA_HOURLY_RAINFALL_ACCUMULATION_202301250200_patch000.json,1230,679,551,128,4096,3914,672,197,25.252493067736303,2733.0690624776953
est_input_RAD_OPERA_HOURLY_RAINFALL_ACCUMULATION_202301250200_patch001.json,1858,1026,832,194,4096,3935,662,171,19.177419905689334,2271.860849802795
est_input_RAD_OPERA_HOURLY_RAINFALL_ACCUMULATION_202301250300_patch000.json,1343,741,602,139,4096,3969,653,138,20.08356297376313,2772.480729176529
est_input_RAD_OPERA_HOURLY_RAINFALL_ACCUMULATION_202301250500_patch000.json,1569,866,703,163,4096,3906,650,198,36.95641293110845,3267.9852560387526
est_input_RAD_OPERA_HOURLY_RAINFALL_ACCUMULATION_202301251000_patch001.json,1194,660,534,126,4096,3941,682,168,23.168989116538796,2540.706348146769
est_input_RAD_OPERA_HOURLY_RAINFALL_ACCUMULATION_202301251300_patch000.json,1137,627,510,117,4096,3916,674,186,33.990484365743356,3681.077159116401
est_input_RAD_OPERA_HOURLY_RAINFALL_ACCUMULATION_202301251600_patch002.json,1133,625,508,117,4096,3886,673,222,50.142657621202275,4430.945269060956
est_input_RAD_OPERA_HOURLY_RAINFALL_ACCUMULATION_202301252100_patch000.json,1457,804,653,151,4096,3960,590,149,20.03875165947486,2493.8157347603697
est_input_RAD_OPERA_HOURLY_RAINFALL_ACCUMULATION_202301252200_patch000.json,1085,598,487,111,4096,3977,576,130,18.283564112522225,2733.0690624776503
est_input_RAD_OPERA_HOURLY_RAINFALL_ACCUMULATION_202301260000_patch000.json,1123,620,503,117,4096,3906,709,196,29.612650894792573,2655.2626262918143
est_input_RAD_OPERA_HOURLY_RAINFALL_ACCUMULATION_202301260200_patch000.json,1234,683,551,132,4096,3826,739,278,87.18149231308482,4283.735474506062
est_input_RAD_OPERA_HOURLY_RAINFALL_ACCUMULATION_202301260200_patch001.json,1283,708,575,133,4096,3928,685,176,24.476660551046223,2587.586948381107
est_input_RAD_OPERA_HOURLY_RAINFALL_ACCUMULATION_202301260600_patch000.json,980,541,439,102,4096,3905,658,202,32.859848599785494,2506.868151947554
est_input_RAD_OPERA_HOURLY_RAINFALL_ACCUMULATION_202301260800_patch001.json,1508,832,676,156,4096,3918,677,187,28.833038581565333,2902.1336956962664
est_input_RAD_OPERA_HOURLY_RAINFALL_ACCUMULATION_202301260900_patch000.json,1053,583,470,113,4096,3945,654,162,23.98606736836823,2717.103495490066
est_input_RAD_OPERA_HOURLY_RAINFALL_ACCUMULATION_202301260900_patch001.json,1351,745,606,139,4096,3967,643,138,17.72059137395749,2651.374972591041
est_input_RAD_OPERA_HOURLY_RAINFALL_ACCUMULATION_202301270400_patch000.json,1147,635,512,123,4096,3925,734,182,28.476324941607235,2576.502615811751
est_input_RAD_OPERA_HOURLY_RAINFALL_ACCUMULATION_202301270700_patch000.json,1659,915,744,171,4096,3896,681,214,45.3790026077552,3978.7710754820655
est_input_RAD_OPERA_HOURLY_RAINFALL_ACCUMULATION_202301270800_patch000.json,985,545,440,105,4096,3927,644,177,27.292227184468846,2762.4530079166184
est_input_RAD_OPERA_HOURLY_RAINFALL_ACCUMULATION_202301270900_patch000.json,1457,804,653,151,4096,3961,603,152,18.618983769863362,2315.617892724683
est_input_RAD_OPERA_HOURLY_RAINFALL_ACCUMULATION_202301271000_patch001.json,1360,750,610,140,4096,3919,695,190,27.041533726838058,2594.8570321168027
est_input_RAD_OPERA_HOURLY_RAINFALL_ACCUMULATION_202301271800_patch000.json,1457,804,653,151,4096,3944,596,159,20.247075286659353,2416.7012081979224
est_input_RAD_OPERA_HOURLY_RAINFALL_ACCUMULATION_202301272100_patch001.json,1208,668,540,128,4096,3837,757,267,72.54770228453495,4173.1487137956565
est_input_RAD_OPERA_HOURLY_RAINFALL_ACCUMULATION_202301272300_patch000.json,1237,682,555,127,4096,3951,621,154,22.38558140206797,2663.5472266515053
est_input_RAD_OPERA_HOURLY_RAINFALL_ACCUMULATION_202301272300_patch002.json,1507,832,675,157,4096,3950,602,155,21.824417037695284,2655.262626291823
est_input_RAD_OPERA_HOURLY_RAINFALL_ACCUMULATION_202301280000_patch001.json,1163,640,523,117,4096,3919,726,187,24.613013528762206,2394.8709028637936
est_input_RAD_OPERA_HOURLY_RAINFALL_ACCUMULATION_202301280700_patch000.json,1365,753,612,141,4096,3952,602,158,22.663437819636016,2352.727843561719
est_input_RAD_OPERA_HOURLY_RAINFALL_ACCUMULATION_202301280800_patch000.json,1095,605,490,115,4096,3946,683,165,25.79367903118554,2571.9398425039717
est_input_RAD_OPERA_HOURLY_RAINFALL_ACCUMULATION_202301280900_patch000.json,1237,682,555,127,4096,3965,629,139,20.040879486495836,2515.217101499743
est_input_RAD_OPERA_HOURLY_RAINFALL_ACCUMULATION_202301281000_patch001.json,1187,655,532,123,4096,3940,628,165,20.76061585548322,2053.993844752745
est_input_RAD_OPERA_HOURLY_RAINFALL_ACCUMULATION_202301281900_patch000.json,1316,725,591,134,4096,3925,610,181,30.603324106866655,4094.362229432166
est_input_RAD_OPERA_HOURLY_RAINFALL_ACCUMULATION_202301282100_patch000.json,1288,711,577,134,4096,3933,627,165,24.957520526043922,2364.5614710355167
est_input_RAD_OPERA_HOURLY_RAINFALL_ACCUMULATION_202301282200_patch000.json,1509,831,678,153,4096,3974,641,131,19.119169179032447,2511.4309252554467
est_input_RAD_OPERA_HOURLY_RAINFALL_ACCUMULATION_202301282200_patch001.json,1847,1020,827,193,4096,3946,620,165,22.36123418339676,2069.789403723377
est_input_RAD_OPERA_HOURLY_RAINFALL_ACCUMULATION_202301290800_patch000.json,1424,785,639,146,4096,3960,637,147,19.888439315691066,2200.5624474369556
est_input_RAD_OPERA_HOURLY_RAINFALL_ACCUMULATION_202301291100_patch000.json,985,545,440,105,4096,3920,671,181,24.807282282053883,2336.746719076446
est_input_RAD_OPERA_HOURLY_RAINFALL_ACCUMULATION_202301291700_patch000.json,1299,718,581,137,4096,3956,644,156,20.67031500421768,2663.547226651516
est_input_RAD_OPERA_HOURLY_RAINFALL_ACCUMULATION_202301291900_patch000.json,1894,1046,848,198,4096,3909,611,191,27.00763984555026,2512.749061935151
est_input_RAD_OPERA_HOURLY_RAINFALL_ACCUMULATION_202301292200_patch002.json,980,541,439,102,4096,3935,636,167,24.557481910044775,2311.2574724295064
est_input_RAD_OPERA_HOURLY_RAINFALL_ACCUMULATION_202301292300_patch001.json,1085,598,487,111,4096,3963,589,141,21.382054364007878,2392.376222995187
est_input_RAD_OPERA_HOURLY_RAINFALL_ACCUMULATION_202301292300_patch003.json,1028,568,460,108,4096,3909,663,198,30.857047419959116,2502.305378639664
est_input_RAD_OPERA_HOURLY_RAINFALL_ACCUMULATION_202301300000_patch001.json,1158,639,519,120,4096,3941,615,167,25.609476528358044,2714.5038342833705
est_input_RAD_OPERA_HOURLY_RAINFALL_ACCUMULATION_202301300200_patch001.json,1626,899,727,172,4096,3902,637,206,32.03959613134329,3568.3468182425813
est_input_RAD_OPERA_HOURLY_RAINFALL_ACCUMULATION_202301301000_patch000.json,1637,904,733,171,4096,3916,742,201,24.234354102759063,2663.547226651461
est_input_RAD_OPERA_HOURLY_RAINFALL_ACCUMULATION_202301302200_patch000.json,1288,711,577,134,4096,3933,605,169,23.39715110998432,2772.480729176541
est_input_RAD_OPERA_HOURLY_RAINFALL_ACCUMULATION_202301302200_patch001.json,1622,895,727,168,4096,3952,629,152,20.72063124441014,2564.665843777151
est_input_RAD_OPERA_HOURLY_RAINFALL_ACCUMULATION_202301302200_patch002.json,1412,779,633,146,4096,3937,648,170,25.79183346421629,2347.0667443336083
est_input_RAD_OPERA_HOURLY_RAINFALL_ACCUMULATION_202301310000_patch001.json,1158,641,517,124,4096,3912,684,197,26.954031520374592,2677.4546026311514
est_input_RAD_OPERA_HOURLY_RAINFALL_ACCUMULATION_202301310200_patch000.json,1028,568,460,108,4096,3926,645,180,24.792628002320114,2269.535344490422
est_input_RAD_OPERA_HOURLY_RAINFALL_ACCUMULATION_202301310900_patch000.json,1227,676,551,125,4096,3940,655,164,21.359051819972258,2160.6018419655907
est_input_RAD_OPERA_HOURLY_RAINFALL_ACCUMULATION_202301311600_patch000.json,1296,715,581,134,4096,3966,621,137,17.669186520763407,2432.6709147754646
est_input_RAD_OPERA_HOURLY_RAINFALL_ACCUMULATION_202301312000_patch001.json,1133,625,508,117,4096,3889,706,216,51.37272689427099,4635.649015171005
