patch_id,input_file,solver_name,solver_label,run_status,solver_success,stop_reason,height,width,num_pixels,num_links,num_valid_links,iterations,nfev,njev,end_to_end_seconds,optimizer_seconds,output_npz,error,completed_at_utc,solver_config_sha256
RAD_OPERA_HOURLY_RAINFALL_ACCUMULATION_202301180600_patch000,est_input_RAD_OPERA_HOURLY_RAINFALL_ACCUMULATION_202301180600_patch000.json,ildw,ILDW,completed,True,,480,448,215040,,,,,,15.405367375002243,,/Users/isoto/Projects/Rainfall-Estimation/Compute-Link-Attenuations/HundredPatches/pipeline/timing/all_methods/solutions/ildw/est_input_RAD_OPERA_HOURLY_RAINFALL_ACCUMULATION_202301180600_patch000_solution.npz,,2026-07-15T08:50:39.539880+00:00,c63dbd040a8d28f83e097f3d9c7e95f03eaaa63d0ac3e08ef4ab67d8459f86d1
RAD_OPERA_HOURLY_RAINFALL_ACCUMULATION_202301180900_patch002,est_input_RAD_OPERA_HOURLY_RAINFALL_ACCUMULATION_202301180900_patch002.json,ildw,ILDW,completed,True,,480,400,192000,,,,,,13.614524625008926,,/Users/isoto/Projects/Rainfall-Estimation/Compute-Link-Attenuations/HundredPatches/pipeline/timing/all_methods/solutions/ildw/est_input_RAD_OPERA_HOURLY_RAINFALL_ACCUMULATION_202301180900_patch002_solution.npz,,2026-07-15T08:50:53.158308+00:00,c63dbd040a8d28f83e097f3d9c7e95f03eaaa63d0ac3e08ef4ab67d8459f86d1
RAD_OPERA_HOURLY_RAINFALL_ACCUMULATION_202301181200_patch003,est_input_RAD_OPERA_HOURLY_RAINFALL_ACCUMULATION_202301181200_patch003.json,ildw,ILDW,completed,True,,400,512,204800,,,,,,16.12310058399453,,/Users/isoto/Projects/Rainfall-Estimation/Compute-Link-Attenuations/HundredPatches/pipeline/timing/all_methods/solutions/ildw/est_input_RAD_OPERA_HOURLY_RAINFALL_ACCUMULATION_202301181200_patch003_solution.npz,,2026-07-15T08:51:09.286953+00:00,c63dbd040a8d28f83e097f3d9c7e95f03eaaa63d0ac3e08ef4ab67d8459f86d1
RAD_OPERA_HOURLY_RAINFALL_ACCUMULATION_202301181300_patch002,est_input_RAD_OPERA_HOURLY_RAINFALL_ACCUMULATION_202301181300_patch002.json,ildw,ILDW,completed,True,,432,480,207360,,,,,,16.307327957998496,,/Users/isoto/Projects/Rainfall-Estimation/Compute-Link-Attenuations/HundredPatches/pipeline/timing/all_methods/solutions/ildw/est_input_RAD_OPERA_HOURLY_RAINFALL_ACCUMULATION_202301181300_patch002_solution.npz,,2026-07-15T08:51:25.598180+00:00,c63dbd040a8d28f83e097f3d9c7e95f03eaaa63d0ac3e08ef4ab67d8459f86d1
RAD_OPERA_HOURLY_RAINFALL_ACCUMULATION_202301181900_patch000,est_input_RAD_OPERA_HOURLY_RAINFALL_ACCUMULATION_202301181900_patch000.json,ildw,ILDW,completed,True,,560,496,277760,,,,,,18.84128041700751,,/Users/isoto/Projects/Rainfall-Estimation/Compute-Link-Attenuations/HundredPatches/pipeline/timing/all_methods/solutions/ildw/est_input_RAD_OPERA_HOURLY_RAINFALL_ACCUMULATION_202301181900_patch000_solution.npz,,2026-07-15T08:51:44.444937+00:00,c63dbd040a8d28f83e097f3d9c7e95f03eaaa63d0ac3e08ef4ab67d8459f86d1
RAD_OPERA_HOURLY_RAINFALL_ACCUMULATION_202301190000_patch000,est_input_RAD_OPERA_HOURLY_RAINFALL_ACCUMULATION_202301190000_patch000.json,ildw,ILDW,completed,True,,480,576,276480,,,,,,21.370774416005588,,/Users/isoto/Projects/Rainfall-Estimation/Compute-Link-Attenuations/HundredPatches/pipeline/timing/all_methods/solutions/ildw/est_input_RAD_OPERA_HOURLY_RAINFALL_ACCUMULATION_202301190000_patch000_solution.npz,,2026-07-15T08:52:05.820040+00:00,c63dbd040a8d28f83e097f3d9c7e95f03eaaa63d0ac3e08ef4ab67d8459f86d1
RAD_OPERA_HOURLY_RAINFALL_ACCUMULATION_202301190300_patch000,est_input_RAD_OPERA_HOURLY_RAINFALL_ACCUMULATION_202301190300_patch000.json,ildw,ILDW,completed,True,,624,560,349440,,,,,,25.864042000001064,,/Users/isoto/Projects/Rainfall-Estimation/Compute-Link-Attenuations/HundredPatches/pipeline/timing/all_methods/solutions/ildw/est_input_RAD_OPERA_HOURLY_RAINFALL_ACCUMULATION_202301190300_patch000_solution.npz,,2026-07-15T08:52:31.688021+00:00,c63dbd040a8d28f83e097f3d9c7e95f03eaaa63d0ac3e08ef4ab67d8459f86d1
RAD_OPERA_HOURLY_RAINFALL_ACCUMULATION_202301190300_patch001,est_input_RAD_OPERA_HOURLY_RAINFALL_ACCUMULATION_202301190300_patch001.json,ildw,ILDW,completed,True,,672,544,365568,,,,,,28.049491249999846,,/Users/isoto/Projects/Rainfall-Estimation/Compute-Link-Attenuations/HundredPatches/pipeline/timing/all_methods/solutions/ildw/est_input_RAD_OPERA_HOURLY_RAINFALL_ACCUMULATION_202301190300_patch001_solution.npz,,2026-07-15T08:52:59.741579+00:00,c63dbd040a8d28f83e097f3d9c7e95f03eaaa63d0ac3e08ef4ab67d8459f86d1
RAD_OPERA_HOURLY_RAINFALL_ACCUMULATION_202301190700_patch000,est_input_RAD_OPERA_HOURLY_RAINFALL_ACCUMULATION_202301190700_patch000.json,ildw,ILDW,completed,True,,672,528,354816,,,,,,23.397916500005522,,/Users/isoto/Projects/Rainfall-Estimation/Compute-Link-Attenuations/HundredPatches/pipeline/timing/all_methods/solutions/ildw/est_input_RAD_OPERA_HOURLY_RAINFALL_ACCUMULATION_202301190700_patch000_solution.npz,,2026-07-15T08:53:23.143816+00:00,c63dbd040a8d28f83e097f3d9c7e95f03eaaa63d0ac3e08ef4ab67d8459f86d1
RAD_OPERA_HOURLY_RAINFALL_ACCUMULATION_202301190800_patch001,est_input_RAD_OPERA_HOURLY_RAINFALL_ACCUMULATION_202301190800_patch001.json,ildw,ILDW,completed,True,,624,400,249600,,,,,,14.838652374994126,,/Users/isoto/Projects/Rainfall-Estimation/Compute-Link-Attenuations/HundredPatches/pipeline/timing/all_methods/solutions/ildw/est_input_RAD_OPERA_HOURLY_RAINFALL_ACCUMULATION_202301190800_patch001_solution.npz,,2026-07-15T08:53:37.986776+00:00,c63dbd040a8d28f83e097f3d9c7e95f03eaaa63d0ac3e08ef4ab67d8459f86d1
RAD_OPERA_HOURLY_RAINFALL_ACCUMULATION_202301190800_patch002,est_input_RAD_OPERA_HOURLY_RAINFALL_ACCUMULATION_202301190800_patch002.json,ildw,ILDW,completed,True,,512,496,253952,,,,,,19.628995250008302,,/Users/isoto/Projects/Rainfall-Estimation/Compute-Link-Attenuations/HundredPatches/pipeline/timing/all_methods/solutions/ildw/est_input_RAD_OPERA_HOURLY_RAINFALL_ACCUMULATION_202301190800_patch002_solution.npz,,2026-07-15T08:53:57.622592+00:00,c63dbd040a8d28f83e097f3d9c7e95f03eaaa63d0ac3e08ef4ab67d8459f86d1
RAD_OPERA_HOURLY_RAINFALL_ACCUMULATION_202301190900_patch001,est_input_RAD_OPERA_HOURLY_RAINFALL_ACCUMULATION_202301190900_patch001.json,ildw,ILDW,completed,True,,544,432,235008,,,,,,16.67459629100631,,/Users/isoto/Projects/Rainfall-Estimation/Compute-Link-Attenuations/HundredPatches/pipeline/timing/all_methods/solutions/ildw/est_input_RAD_OPERA_HOURLY_RAINFALL_ACCUMULATION_202301190900_patch001_solution.npz,,2026-07-15T08:54:14.302835+00:00,c63dbd040a8d28f83e097f3d9c7e95f03eaaa63d0ac3e08ef4ab67d8459f86d1
RAD_OPERA_HOURLY_RAINFALL_ACCUMULATION_202301192000_patch000,est_input_RAD_OPERA_HOURLY_RAINFALL_ACCUMULATION_202301192000_patch000.json,ildw,ILDW,completed,True,,496,704,349184,,,,,,25.223527791997185,,/Users/isoto/Projects/Rainfall-Estimation/Compute-Link-Attenuations/HundredPatches/pipeline/timing/all_methods/solutions/ildw/est_input_RAD_OPERA_HOURLY_RAINFALL_ACCUMULATION_202301192000_patch000_solution.npz,,2026-07-15T08:54:39.530521+00:00,c63dbd040a8d28f83e097f3d9c7e95f03eaaa63d0ac3e08ef4ab67d8459f86d1
RAD_OPERA_HOURLY_RAINFALL_ACCUMULATION_202301200400_patch000,est_input_RAD_OPERA_HOURLY_RAINFALL_ACCUMULATION_202301200400_patch000.json,ildw,ILDW,completed,True,,496,528,261888,,,,,,20.074554709004587,,/Users/isoto/Projects/Rainfall-Estimation/Compute-Link-Attenuations/HundredPatches/pipeline/timing/all_methods/solutions/ildw/est_input_RAD_OPERA_HOURLY_RAINFALL_ACCUMULATION_202301200400_patch000_solution.npz,,2026-07-15T08:54:59.609205+00:00,c63dbd040a8d28f83e097f3d9c7e95f03eaaa63d0ac3e08ef4ab67d8459f86d1
RAD_OPERA_HOURLY_RAINFALL_ACCUMULATION_202301200800_patch001,est_input_RAD_OPERA_HOURLY_RAINFALL_ACCUMULATION_202301200800_patch001.json,ildw,ILDW,completed,True,,560,592,331520,,,,,,21.64357074999134,,/Users/isoto/Projects/Rainfall-Estimation/Compute-Link-Attenuations/HundredPatches/pipeline/timing/all_methods/solutions/ildw/est_input_RAD_OPERA_HOURLY_RAINFALL_ACCUMULATION_202301200800_patch001_solution.npz,,2026-07-15T08:55:21.256727+00:00,c63dbd040a8d28f83e097f3d9c7e95f03eaaa63d0ac3e08ef4ab67d8459f86d1
RAD_OPERA_HOURLY_RAINFALL_ACCUMULATION_202301201300_patch000,est_input_RAD_OPERA_HOURLY_RAINFALL_ACCUMULATION_202301201300_patch000.json,ildw,ILDW,completed,True,,416,400,166400,,,,,,9.535537624993594,,/Users/isoto/Projects/Rainfall-Estimation/Compute-Link-Attenuations/HundredPatches/pipeline/timing/all_methods/solutions/ildw/est_input_RAD_OPERA_HOURLY_RAINFALL_ACCUMULATION_202301201300_patch000_solution.npz,,2026-07-15T08:55:30.796327+00:00,c63dbd040a8d28f83e097f3d9c7e95f03eaaa63d0ac3e08ef4ab67d8459f86d1
RAD_OPERA_HOURLY_RAINFALL_ACCUMULATION_202301201600_patch002,est_input_RAD_OPERA_HOURLY_RAINFALL_ACCUMULATION_202301201600_patch002.json,ildw,ILDW,completed,True,,400,400,160000,,,,,,8.671635875012726,,/Users/isoto/Projects/Rainfall-Estimation/Compute-Link-Attenuations/HundredPatches/pipeline/timing/all_methods/solutions/ildw/est_input_RAD_OPERA_HOURLY_RAINFALL_ACCUMULATION_202301201600_patch002_solution.npz,,2026-07-15T08:55:39.471718+00:00,c63dbd040a8d28f83e097f3d9c7e95f03eaaa63d0ac3e08ef4ab67d8459f86d1
RAD_OPERA_HOURLY_RAINFALL_ACCUMULATION_202301210300_patch000,est_input_RAD_OPERA_HOURLY_RAINFALL_ACCUMULATION_202301210300_patch000.json,ildw,ILDW,completed,True,,496,544,269824,,,,,,18.27241325000068,,/Users/isoto/Projects/Rainfall-Estimation/Compute-Link-Attenuations/HundredPatches/pipeline/timing/all_methods/solutions/ildw/est_input_RAD_OPERA_HOURLY_RAINFALL_ACCUMULATION_202301210300_patch000_solution.npz,,2026-07-15T08:55:57.748127+00:00,c63dbd040a8d28f83e097f3d9c7e95f03eaaa63d0ac3e08ef4ab67d8459f86d1
RAD_OPERA_HOURLY_RAINFALL_ACCUMULATION_202301210800_patch002,est_input_RAD_OPERA_HOURLY_RAINFALL_ACCUMULATION_202301210800_patch002.json,ildw,ILDW,completed,True,,576,608,350208,,,,,,22.891555874986807,,/Users/isoto/Projects/Rainfall-Estimation/Compute-Link-Attenuations/HundredPatches/pipeline/timing/all_methods/solutions/ildw/est_input_RAD_OPERA_HOURLY_RAINFALL_ACCUMULATION_202301210800_patch002_solution.npz,,2026-07-15T08:56:20.643727+00:00,c63dbd040a8d28f83e097f3d9c7e95f03eaaa63d0ac3e08ef4ab67d8459f86d1
RAD_OPERA_HOURLY_RAINFALL_ACCUMULATION_202301210900_patch000,est_input_RAD_OPERA_HOURLY_RAINFALL_ACCUMULATION_202301210900_patch000.json,ildw,ILDW,completed,True,,592,672,397824,,,,,,26.021174334004172,,/Users/isoto/Projects/Rainfall-Estimation/Compute-Link-Attenuations/HundredPatches/pipeline/timing/all_methods/solutions/ildw/est_input_RAD_OPERA_HOURLY_RAINFALL_ACCUMULATION_202301210900_patch000_solution.npz,,2026-07-15T08:56:46.669156+00:00,c63dbd040a8d28f83e097f3d9c7e95f03eaaa63d0ac3e08ef4ab67d8459f86d1
RAD_OPERA_HOURLY_RAINFALL_ACCUMULATION_202301211500_patch000,est_input_RAD_OPERA_HOURLY_RAINFALL_ACCUMULATION_202301211500_patch000.json,ildw,ILDW,completed,True,,496,416,206336,,,,,,15.290209375001723,,/Users/isoto/Projects/Rainfall-Estimation/Compute-Link-Attenuations/HundredPatches/pipeline/timing/all_methods/solutions/ildw/est_input_RAD_OPERA_HOURLY_RAINFALL_ACCUMULATION_202301211500_patch000_solution.npz,,2026-07-15T08:57:01.963523+00:00,c63dbd040a8d28f83e097f3d9c7e95f03eaaa63d0ac3e08ef4ab67d8459f86d1
RAD_OPERA_HOURLY_RAINFALL_ACCUMULATION_202301211800_patch000,est_input_RAD_OPERA_HOURLY_RAINFALL_ACCUMULATION_202301211800_patch000.json,ildw,ILDW,completed,True,,448,400,179200,,,,,,12.321647707998636,,/Users/isoto/Projects/Rainfall-Estimation/Compute-Link-Attenuations/HundredPatches/pipeline/timing/all_methods/solutions/ildw/est_input_RAD_OPERA_HOURLY_RAINFALL_ACCUMULATION_202301211800_patch000_solution.npz,,2026-07-15T08:57:14.290319+00:00,c63dbd040a8d28f83e097f3d9c7e95f03eaaa63d0ac3e08ef4ab67d8459f86d1
RAD_OPERA_HOURLY_RAINFALL_ACCUMULATION_202301211900_patch000,est_input_RAD_OPERA_HOURLY_RAINFALL_ACCUMULATION_202301211900_patch000.json,ildw,ILDW,completed,True,,656,464,304384,,,,,,19.92912787500245,,/Users/isoto/Projects/Rainfall-Estimation/Compute-Link-Attenuations/HundredPatches/pipeline/timing/all_methods/solutions/ildw/est_input_RAD_OPERA_HOURLY_RAINFALL_ACCUMULATION_202301211900_patch000_solution.npz,,2026-07-15T08:57:34.223472+00:00,c63dbd040a8d28f83e097f3d9c7e95f03eaaa63d0ac3e08ef4ab67d8459f86d1
RAD_OPERA_HOURLY_RAINFALL_ACCUMULATION_202301211900_patch001,est_input_RAD_OPERA_HOURLY_RAINFALL_ACCUMULATION_202301211900_patch001.json,ildw,ILDW,completed,True,,672,400,268800,,,,,,18.22311470899149,,/Users/isoto/Projects/Rainfall-Estimation/Compute-Link-Attenuations/HundredPatches/pipeline/timing/all_methods/solutions/ildw/est_input_RAD_OPERA_HOURLY_RAINFALL_ACCUMULATION_202301211900_patch001_solution.npz,,2026-07-15T08:57:52.450906+00:00,c63dbd040a8d28f83e097f3d9c7e95f03eaaa63d0ac3e08ef4ab67d8459f86d1
RAD_OPERA_HOURLY_RAINFALL_ACCUMULATION_202301212300_patch000,est_input_RAD_OPERA_HOURLY_RAINFALL_ACCUMULATION_202301212300_patch000.json,ildw,ILDW,completed,True,,512,432,221184,,,,,,15.557635165998363,,/Users/isoto/Projects/Rainfall-Estimation/Compute-Link-Attenuations/HundredPatches/pipeline/timing/all_methods/solutions/ildw/est_input_RAD_OPERA_HOURLY_RAINFALL_ACCUMULATION_202301212300_patch000_solution.npz,,2026-07-15T08:58:08.014032+00:00,c63dbd040a8d28f83e097f3d9c7e95f03eaaa63d0ac3e08ef4ab67d8459f86d1
RAD_OPERA_HOURLY_RAINFALL_ACCUMULATION_202301220000_patch001,est_input_RAD_OPERA_HOURLY_RAINFALL_ACCUMULATION_202301220000_patch001.json,ildw,ILDW,completed,True,,512,560,286720,,,,,,19.26723650000349,,/Users/isoto/Projects/Rainfall-Estimation/Compute-Link-Attenuations/HundredPatches/pipeline/timing/all_methods/solutions/ildw/est_input_RAD_OPERA_HOURLY_RAINFALL_ACCUMULATION_202301220000_patch001_solution.npz,,2026-07-15T08:58:27.285394+00:00,c63dbd040a8d28f83e097f3d9c7e95f03eaaa63d0ac3e08ef4ab67d8459f86d1
RAD_OPERA_HOURLY_RAINFALL_ACCUMULATION_202301220100_patch001,est_input_RAD_OPERA_HOURLY_RAINFALL_ACCUMULATION_202301220100_patch001.json,ildw,ILDW,completed,True,,464,416,193024,,,,,,12.393195750002633,,/Users/isoto/Projects/Rainfall-Estimation/Compute-Link-Attenuations/HundredPatches/pipeline/timing/all_methods/solutions/ildw/est_input_RAD_OPERA_HOURLY_RAINFALL_ACCUMULATION_202301220100_patch001_solution.npz,,2026-07-15T08:58:39.682757+00:00,c63dbd040a8d28f83e097f3d9c7e95f03eaaa63d0ac3e08ef4ab67d8459f86d1
RAD_OPERA_HOURLY_RAINFALL_ACCUMULATION_202301221200_patch000,est_input_RAD_OPERA_HOURLY_RAINFALL_ACCUMULATION_202301221200_patch000.json,ildw,ILDW,completed,True,,528,672,354816,,,,,,23.136296666998533,,/Users/isoto/Projects/Rainfall-Estimation/Compute-Link-Attenuations/HundredPatches/pipeline/timing/all_methods/solutions/ildw/est_input_RAD_OPERA_HOURLY_RAINFALL_ACCUMULATION_202301221200_patch000_solution.npz,,2026-07-15T08:59:02.823347+00:00,c63dbd040a8d28f83e097f3d9c7e95f03eaaa63d0ac3e08ef4ab67d8459f86d1
RAD_OPERA_HOURLY_RAINFALL_ACCUMULATION_202301222100_patch000,est_input_RAD_OPERA_HOURLY_RAINFALL_ACCUMULATION_202301222100_patch000.json,ildw,ILDW,completed,True,,416,448,186368,,,,,,11.758094958990114,,/Users/isoto/Projects/Rainfall-Estimation/Compute-Link-Attenuations/HundredPatches/pipeline/timing/all_methods/solutions/ildw/est_input_RAD_OPERA_HOURLY_RAINFALL_ACCUMULATION_202301222100_patch000_solution.npz,,2026-07-15T08:59:14.585965+00:00,c63dbd040a8d28f83e097f3d9c7e95f03eaaa63d0ac3e08ef4ab67d8459f86d1
RAD_OPERA_HOURLY_RAINFALL_ACCUMULATION_202301230100_patch000,est_input_RAD_OPERA_HOURLY_RAINFALL_ACCUMULATION_202301230100_patch000.json,ildw,ILDW,completed,True,,480,496,238080,,,,,,18.455032625002787,,/Users/isoto/Projects/Rainfall-Estimation/Compute-Link-Attenuations/HundredPatches/pipeline/timing/all_methods/solutions/ildw/est_input_RAD_OPERA_HOURLY_RAINFALL_ACCUMULATION_202301230100_patch000_solution.npz,,2026-07-15T08:59:33.044929+00:00,c63dbd040a8d28f83e097f3d9c7e95f03eaaa63d0ac3e08ef4ab67d8459f86d1
RAD_OPERA_HOURLY_RAINFALL_ACCUMULATION_202301230600_patch003,est_input_RAD_OPERA_HOURLY_RAINFALL_ACCUMULATION_202301230600_patch003.json,ildw,ILDW,completed,True,,560,480,268800,,,,,,20.59916729100223,,/Users/isoto/Projects/Rainfall-Estimation/Compute-Link-Attenuations/HundredPatches/pipeline/timing/all_methods/solutions/ildw/est_input_RAD_OPERA_HOURLY_RAINFALL_ACCUMULATION_202301230600_patch003_solution.npz,,2026-07-15T08:59:53.648422+00:00,c63dbd040a8d28f83e097f3d9c7e95f03eaaa63d0ac3e08ef4ab67d8459f86d1
RAD_OPERA_HOURLY_RAINFALL_ACCUMULATION_202301231200_patch001,est_input_RAD_OPERA_HOURLY_RAINFALL_ACCUMULATION_202301231200_patch001.json,ildw,ILDW,completed,True,,528,592,312576,,,,,,23.613587291998556,,/Users/isoto/Projects/Rainfall-Estimation/Compute-Link-Attenuations/HundredPatches/pipeline/timing/all_methods/solutions/ildw/est_input_RAD_OPERA_HOURLY_RAINFALL_ACCUMULATION_202301231200_patch001_solution.npz,,2026-07-15T09:00:17.269353+00:00,c63dbd040a8d28f83e097f3d9c7e95f03eaaa63d0ac3e08ef4ab67d8459f86d1
RAD_OPERA_HOURLY_RAINFALL_ACCUMULATION_202301231200_patch002,est_input_RAD_OPERA_HOURLY_RAINFALL_ACCUMULATION_202301231200_patch002.json,ildw,ILDW,completed,True,,448,736,329728,,,,,,20.73339500000293,,/Users/isoto/Projects/Rainfall-Estimation/Compute-Link-Attenuations/HundredPatches/pipeline/timing/all_methods/solutions/ildw/est_input_RAD_OPERA_HOURLY_RAINFALL_ACCUMULATION_202301231200_patch002_solution.npz,,2026-07-15T09:00:38.007021+00:00,c63dbd040a8d28f83e097f3d9c7e95f03eaaa63d0ac3e08ef4ab67d8459f86d1
RAD_OPERA_HOURLY_RAINFALL_ACCUMULATION_202301231200_patch003,est_input_RAD_OPERA_HOURLY_RAINFALL_ACCUMULATION_202301231200_patch003.json,ildw,ILDW,completed,True,,608,448,272384,,,,,,19.398287959003937,,/Users/isoto/Projects/Rainfall-Estimation/Compute-Link-Attenuations/HundredPatches/pipeline/timing/all_methods/solutions/ildw/est_input_RAD_OPERA_HOURLY_RAINFALL_ACCUMULATION_202301231200_patch003_solution.npz,,2026-07-15T09:00:57.409479+00:00,c63dbd040a8d28f83e097f3d9c7e95f03eaaa63d0ac3e08ef4ab67d8459f86d1
RAD_OPERA_HOURLY_RAINFALL_ACCUMULATION_202301231300_patch001,est_input_RAD_OPERA_HOURLY_RAINFALL_ACCUMULATION_202301231300_patch001.json,ildw,ILDW,completed,True,,736,416,306176,,,,,,21.14536645800399,,/Users/isoto/Projects/Rainfall-Estimation/Compute-Link-Attenuations/HundredPatches/pipeline/timing/all_methods/solutions/ildw/est_input_RAD_OPERA_HOURLY_RAINFALL_ACCUMULATION_202301231300_patch001_solution.npz,,2026-07-15T09:01:18.558966+00:00,c63dbd040a8d28f83e097f3d9c7e95f03eaaa63d0ac3e08ef4ab67d8459f86d1
RAD_OPERA_HOURLY_RAINFALL_ACCUMULATION_202301231400_patch002,est_input_RAD_OPERA_HOURLY_RAINFALL_ACCUMULATION_202301231400_patch002.json,ildw,ILDW,completed,True,,656,512,335872,,,,,,22.62424020799517,,/Users/isoto/Projects/Rainfall-Estimation/Compute-Link-Attenuations/HundredPatches/pipeline/timing/all_methods/solutions/ildw/est_input_RAD_OPERA_HOURLY_RAINFALL_ACCUMULATION_202301231400_patch002_solution.npz,,2026-07-15T09:01:41.188054+00:00,c63dbd040a8d28f83e097f3d9c7e95f03eaaa63d0ac3e08ef4ab67d8459f86d1
RAD_OPERA_HOURLY_RAINFALL_ACCUMULATION_202301231400_patch003,est_input_RAD_OPERA_HOURLY_RAINFALL_ACCUMULATION_202301231400_patch003.json,ildw,ILDW,completed,True,,464,736,341504,,,,,,25.248307041998487,,/Users/isoto/Projects/Rainfall-Estimation/Compute-Link-Attenuations/HundredPatches/pipeline/timing/all_methods/solutions/ildw/est_input_RAD_OPERA_HOURLY_RAINFALL_ACCUMULATION_202301231400_patch003_solution.npz,,2026-07-15T09:02:06.452419+00:00,c63dbd040a8d28f83e097f3d9c7e95f03eaaa63d0ac3e08ef4ab67d8459f86d1
RAD_OPERA_HOURLY_RAINFALL_ACCUMULATION_202301231600_patch001,est_input_RAD_OPERA_HOURLY_RAINFALL_ACCUMULATION_202301231600_patch001.json,ildw,ILDW,completed,True,,496,608,301568,,,,,,23.55213250000088,,/Users/isoto/Projects/Rainfall-Estimation/Compute-Link-Attenuations/HundredPatches/pipeline/timing/all_methods/solutions/ildw/est_input_RAD_OPERA_HOURLY_RAINFALL_ACCUMULATION_202301231600_patch001_solution.npz,,2026-07-15T09:02:30.012858+00:00,c63dbd040a8d28f83e097f3d9c7e95f03eaaa63d0ac3e08ef4ab67d8459f86d1
RAD_OPERA_HOURLY_RAINFALL_ACCUMULATION_202301231700_patch000,est_input_RAD_OPERA_HOURLY_RAINFALL_ACCUMULATION_202301231700_patch000.json,ildw,ILDW,completed,True,,608,480,291840,,,,,,22.459785957995337,,/Users/isoto/Projects/Rainfall-Estimation/Compute-Link-Attenuations/HundredPatches/pipeline/timing/all_methods/solutions/ildw/est_input_RAD_OPERA_HOURLY_RAINFALL_ACCUMULATION_202301231700_patch000_solution.npz,,2026-07-15T09:02:52.479610+00:00,c63dbd040a8d28f83e097f3d9c7e95f03eaaa63d0ac3e08ef4ab67d8459f86d1
RAD_OPERA_HOURLY_RAINFALL_ACCUMULATION_202301231900_patch000,est_input_RAD_OPERA_HOURLY_RAINFALL_ACCUMULATION_202301231900_patch000.json,ildw,ILDW,completed,True,,480,688,330240,,,,,,21.84675349999452,,/Users/isoto/Projects/Rainfall-Estimation/Compute-Link-Attenuations/HundredPatches/pipeline/timing/all_methods/solutions/ildw/est_input_RAD_OPERA_HOURLY_RAINFALL_ACCUMULATION_202301231900_patch000_solution.npz,,2026-07-15T09:03:14.331003+00:00,c63dbd040a8d28f83e097f3d9c7e95f03eaaa63d0ac3e08ef4ab67d8459f86d1
RAD_OPERA_HOURLY_RAINFALL_ACCUMULATION_202301240500_patch000,est_input_RAD_OPERA_HOURLY_RAINFALL_ACCUMULATION_202301240500_patch000.json,ildw,ILDW,completed,True,,736,672,494592,,,,,,38.194398665989866,,/Users/isoto/Projects/Rainfall-Estimation/Compute-Link-Attenuations/HundredPatches/pipeline/timing/all_methods/solutions/ildw/est_input_RAD_OPERA_HOURLY_RAINFALL_ACCUMULATION_202301240500_patch000_solution.npz,,2026-07-15T09:03:52.529708+00:00,c63dbd040a8d28f83e097f3d9c7e95f03eaaa63d0ac3e08ef4ab67d8459f86d1
RAD_OPERA_HOURLY_RAINFALL_ACCUMULATION_202301240700_patch000,est_input_RAD_OPERA_HOURLY_RAINFALL_ACCUMULATION_202301240700_patch000.json,ildw,ILDW,completed,True,,416,464,193024,,,,,,12.795086458994774,,/Users/isoto/Projects/Rainfall-Estimation/Compute-Link-Attenuations/HundredPatches/pipeline/timing/all_methods/solutions/ildw/est_input_RAD_OPERA_HOURLY_RAINFALL_ACCUMULATION_202301240700_patch000_solution.npz,,2026-07-15T09:04:05.333152+00:00,c63dbd040a8d28f83e097f3d9c7e95f03eaaa63d0ac3e08ef4ab67d8459f86d1
RAD_OPERA_HOURLY_RAINFALL_ACCUMULATION_202301241500_patch000,est_input_RAD_OPERA_HOURLY_RAINFALL_ACCUMULATION_202301241500_patch000.json,ildw,ILDW,completed,True,,576,752,433152,,,,,,30.48820845899172,,/Users/isoto/Projects/Rainfall-Estimation/Compute-Link-Attenuations/HundredPatches/pipeline/timing/all_methods/solutions/ildw/est_input_RAD_OPERA_HOURLY_RAINFALL_ACCUMULATION_202301241500_patch000_solution.npz,,2026-07-15T09:04:35.825492+00:00,c63dbd040a8d28f83e097f3d9c7e95f03eaaa63d0ac3e08ef4ab67d8459f86d1
RAD_OPERA_HOURLY_RAINFALL_ACCUMULATION_202301241500_patch001,est_input_RAD_OPERA_HOURLY_RAINFALL_ACCUMULATION_202301241500_patch001.json,ildw,ILDW,completed,True,,432,544,235008,,,,,,17.96900829199876,,/Users/isoto/Projects/Rainfall-Estimation/Compute-Link-Attenuations/HundredPatches/pipeline/timing/all_methods/solutions/ildw/est_input_RAD_OPERA_HOURLY_RAINFALL_ACCUMULATION_202301241500_patch001_solution.npz,,2026-07-15T09:04:53.799204+00:00,c63dbd040a8d28f83e097f3d9c7e95f03eaaa63d0ac3e08ef4ab67d8459f86d1
RAD_OPERA_HOURLY_RAINFALL_ACCUMULATION_202301241700_patch000,est_input_RAD_OPERA_HOURLY_RAINFALL_ACCUMULATION_202301241700_patch000.json,ildw,ILDW,completed,True,,448,512,229376,,,,,,15.052731500007212,,/Users/isoto/Projects/Rainfall-Estimation/Compute-Link-Attenuations/HundredPatches/pipeline/timing/all_methods/solutions/ildw/est_input_RAD_OPERA_HOURLY_RAINFALL_ACCUMULATION_202301241700_patch000_solution.npz,,2026-07-15T09:05:08.858357+00:00,c63dbd040a8d28f83e097f3d9c7e95f03eaaa63d0ac3e08ef4ab67d8459f86d1
RAD_OPERA_HOURLY_RAINFALL_ACCUMULATION_202301241700_patch002,est_input_RAD_OPERA_HOURLY_RAINFALL_ACCUMULATION_202301241700_patch002.json,ildw,ILDW,completed,True,,416,448,186368,,,,,,10.77596991599421,,/Users/isoto/Projects/Rainfall-Estimation/Compute-Link-Attenuations/HundredPatches/pipeline/timing/all_methods/solutions/ildw/est_input_RAD_OPERA_HOURLY_RAINFALL_ACCUMULATION_202301241700_patch002_solution.npz,,2026-07-15T09:05:19.640692+00:00,c63dbd040a8d28f83e097f3d9c7e95f03eaaa63d0ac3e08ef4ab67d8459f86d1
RAD_OPERA_HOURLY_RAINFALL_ACCUMULATION_202301241900_patch001,est_input_RAD_OPERA_HOURLY_RAINFALL_ACCUMULATION_202301241900_patch001.json,ildw,ILDW,completed,True,,464,400,185600,,,,,,11.398444999998901,,/Users/isoto/Projects/Rainfall-Estimation/Compute-Link-Attenuations/HundredPatches/pipeline/timing/all_methods/solutions/ildw/est_input_RAD_OPERA_HOURLY_RAINFALL_ACCUMULATION_202301241900_patch001_solution.npz,,2026-07-15T09:05:31.043305+00:00,c63dbd040a8d28f83e097f3d9c7e95f03eaaa63d0ac3e08ef4ab67d8459f86d1
RAD_OPERA_HOURLY_RAINFALL_ACCUMULATION_202301242200_patch001,est_input_RAD_OPERA_HOURLY_RAINFALL_ACCUMULATION_202301242200_patch001.json,ildw,ILDW,completed,True,,448,736,329728,,,,,,23.58383670799958,,/Users/isoto/Projects/Rainfall-Estimation/Compute-Link-Attenuations/HundredPatches/pipeline/timing/all_methods/solutions/ildw/est_input_RAD_OPERA_HOURLY_RAINFALL_ACCUMULATION_202301242200_patch001_solution.npz,,2026-07-15T09:05:54.631232+00:00,c63dbd040a8d28f83e097f3d9c7e95f03eaaa63d0ac3e08ef4ab67d8459f86d1
RAD_OPERA_HOURLY_RAINFALL_ACCUMULATION_202301250200_patch000,est_input_RAD_OPERA_HOURLY_RAINFALL_ACCUMULATION_202301250200_patch000.json,ildw,ILDW,completed,True,,448,528,236544,,,,,,15.814476333995117,,/Users/isoto/Projects/Rainfall-Estimation/Compute-Link-Attenuations/HundredPatches/pipeline/timing/all_methods/solutions/ildw/est_input_RAD_OPERA_HOURLY_RAINFALL_ACCUMULATION_202301250200_patch000_solution.npz,,2026-07-15T09:06:10.460654+00:00,c63dbd040a8d28f83e097f3d9c7e95f03eaaa63d0ac3e08ef4ab67d8459f86d1
RAD_OPERA_HOURLY_RAINFALL_ACCUMULATION_202301250200_patch001,est_input_RAD_OPERA_HOURLY_RAINFALL_ACCUMULATION_202301250200_patch001.json,ildw,ILDW,completed,True,,704,656,461824,,,,,,35.3147458750027,,/Users/isoto/Projects/Rainfall-Estimation/Compute-Link-Attenuations/HundredPatches/pipeline/timing/all_methods/solutions/ildw/est_input_RAD_OPERA_HOURLY_RAINFALL_ACCUMULATION_202301250200_patch001_solution.npz,,2026-07-15T09:06:45.786408+00:00,c63dbd040a8d28f83e097f3d9c7e95f03eaaa63d0ac3e08ef4ab67d8459f86d1
RAD_OPERA_HOURLY_RAINFALL_ACCUMULATION_202301250300_patch000,est_input_RAD_OPERA_HOURLY_RAINFALL_ACCUMULATION_202301250300_patch000.json,ildw,ILDW,completed,True,,576,448,258048,,,,,,18.41383062499517,,/Users/isoto/Projects/Rainfall-Estimation/Compute-Link-Attenuations/HundredPatches/pipeline/timing/all_methods/solutions/ildw/est_input_RAD_OPERA_HOURLY_RAINFALL_ACCUMULATION_202301250300_patch000_solution.npz,,2026-07-15T09:07:04.205920+00:00,c63dbd040a8d28f83e097f3d9c7e95f03eaaa63d0ac3e08ef4ab67d8459f86d1
RAD_OPERA_HOURLY_RAINFALL_ACCUMULATION_202301250500_patch000,est_input_RAD_OPERA_HOURLY_RAINFALL_ACCUMULATION_202301250500_patch000.json,ildw,ILDW,completed,True,,512,736,376832,,,,,,26.739348874994903,,/Users/isoto/Projects/Rainfall-Estimation/Compute-Link-Attenuations/HundredPatches/pipeline/timing/all_methods/solutions/ildw/est_input_RAD_OPERA_HOURLY_RAINFALL_ACCUMULATION_202301250500_patch000_solution.npz,,2026-07-15T09:07:30.949931+00:00,c63dbd040a8d28f83e097f3d9c7e95f03eaaa63d0ac3e08ef4ab67d8459f86d1
RAD_OPERA_HOURLY_RAINFALL_ACCUMULATION_202301251000_patch001,est_input_RAD_OPERA_HOURLY_RAINFALL_ACCUMULATION_202301251000_patch001.json,ildw,ILDW,completed,True,,416,560,232960,,,,,,17.476060957997106,,/Users/isoto/Projects/Rainfall-Estimation/Compute-Link-Attenuations/HundredPatches/pipeline/timing/all_methods/solutions/ildw/est_input_RAD_OPERA_HOURLY_RAINFALL_ACCUMULATION_202301251000_patch001_solution.npz,,2026-07-15T09:07:48.430967+00:00,c63dbd040a8d28f83e097f3d9c7e95f03eaaa63d0ac3e08ef4ab67d8459f86d1
RAD_OPERA_HOURLY_RAINFALL_ACCUMULATION_202301251300_patch000,est_input_RAD_OPERA_HOURLY_RAINFALL_ACCUMULATION_202301251300_patch000.json,ildw,ILDW,completed,True,,464,432,200448,,,,,,11.476997083009337,,/Users/isoto/Projects/Rainfall-Estimation/Compute-Link-Attenuations/HundredPatches/pipeline/timing/all_methods/solutions/ildw/est_input_RAD_OPERA_HOURLY_RAINFALL_ACCUMULATION_202301251300_patch000_solution.npz,,2026-07-15T09:07:59.916671+00:00,c63dbd040a8d28f83e097f3d9c7e95f03eaaa63d0ac3e08ef4ab67d8459f86d1
RAD_OPERA_HOURLY_RAINFALL_ACCUMULATION_202301251600_patch002,est_input_RAD_OPERA_HOURLY_RAINFALL_ACCUMULATION_202301251600_patch002.json,ildw,ILDW,completed,True,,480,416,199680,,,,,,12.476926624993212,,/Users/isoto/Projects/Rainfall-Estimation/Compute-Link-Attenuations/HundredPatches/pipeline/timing/all_methods/solutions/ildw/est_input_RAD_OPERA_HOURLY_RAINFALL_ACCUMULATION_202301251600_patch002_solution.npz,,2026-07-15T09:08:12.400062+00:00,c63dbd040a8d28f83e097f3d9c7e95f03eaaa63d0ac3e08ef4ab67d8459f86d1
RAD_OPERA_HOURLY_RAINFALL_ACCUMULATION_202301252100_patch000,est_input_RAD_OPERA_HOURLY_RAINFALL_ACCUMULATION_202301252100_patch000.json,ildw,ILDW,completed,True,,528,592,312576,,,,,,23.695743791002315,,/Users/isoto/Projects/Rainfall-Estimation/Compute-Link-Attenuations/HundredPatches/pipeline/timing/all_methods/solutions/ildw/est_input_RAD_OPERA_HOURLY_RAINFALL_ACCUMULATION_202301252100_patch000_solution.npz,,2026-07-15T09:08:36.100093+00:00,c63dbd040a8d28f83e097f3d9c7e95f03eaaa63d0ac3e08ef4ab67d8459f86d1
RAD_OPERA_HOURLY_RAINFALL_ACCUMULATION_202301252200_patch000,est_input_RAD_OPERA_HOURLY_RAINFALL_ACCUMULATION_202301252200_patch000.json,ildw,ILDW,completed,True,,448,416,186368,,,,,,10.953920375002781,,/Users/isoto/Projects/Rainfall-Estimation/Compute-Link-Attenuations/HundredPatches/pipeline/timing/all_methods/solutions/ildw/est_input_RAD_OPERA_HOURLY_RAINFALL_ACCUMULATION_202301252200_patch000_solution.npz,,2026-07-15T09:08:47.059244+00:00,c63dbd040a8d28f83e097f3d9c7e95f03eaaa63d0ac3e08ef4ab67d8459f86d1
RAD_OPERA_HOURLY_RAINFALL_ACCUMULATION_202301260000_patch000,est_input_RAD_OPERA_HOURLY_RAINFALL_ACCUMULATION_202301260000_patch000.json,ildw,ILDW,completed,True,,416,480,199680,,,,,,13.005365917008021,,/Users/isoto/Projects/Rainfall-Estimation/Compute-Link-Attenuations/HundredPatches/pipeline/timing/all_methods/solutions/ildw/est_input_RAD_OPERA_HOURLY_RAINFALL_ACCUMULATION_202301260000_patch000_solution.npz,,2026-07-15T09:09:00.070027+00:00,c63dbd040a8d28f83e097f3d9c7e95f03eaaa63d0ac3e08ef4ab67d8459f86d1
RAD_OPERA_HOURLY_RAINFALL_ACCUMULATION_202301260200_patch000,est_input_RAD_OPERA_HOURLY_RAINFALL_ACCUMULATION_202301260200_patch000.json,ildw,ILDW,completed,True,,496,464,230144,,,,,,17.128205500004697,,/Users/isoto/Projects/Rainfall-Estimation/Compute-Link-Attenuations/HundredPatches/pipeline/timing/all_methods/solutions/ildw/est_input_RAD_OPERA_HOURLY_RAINFALL_ACCUMULATION_202301260200_patch000_solution.npz,,2026-07-15T09:09:17.204004+00:00,c63dbd040a8d28f83e097f3d9c7e95f03eaaa63d0ac3e08ef4ab67d8459f86d1
RAD_OPERA_HOURLY_RAINFALL_ACCUMULATION_202301260200_patch001,est_input_RAD_OPERA_HOURLY_RAINFALL_ACCUMULATION_202301260200_patch001.json,ildw,ILDW,completed,True,,512,464,237568,,,,,,17.94588504199055,,/Users/isoto/Projects/Rainfall-Estimation/Compute-Link-Attenuations/HundredPatches/pipeline/timing/all_methods/solutions/ildw/est_input_RAD_OPERA_HOURLY_RAINFALL_ACCUMULATION_202301260200_patch001_solution.npz,,2026-07-15T09:09:35.154368+00:00,c63dbd040a8d28f83e097f3d9c7e95f03eaaa63d0ac3e08ef4ab67d8459f86d1
RAD_OPERA_HOURLY_RAINFALL_ACCUMULATION_202301260600_patch000,est_input_RAD_OPERA_HOURLY_RAINFALL_ACCUMULATION_202301260600_patch000.json,ildw,ILDW,completed,True,,416,400,166400,,,,,,9.277969999995548,,/Users/isoto/Projects/Rainfall-Estimation/Compute-Link-Attenuations/HundredPatches/pipeline/timing/all_methods/solutions/ildw/est_input_RAD_OPERA_HOURLY_RAINFALL_ACCUMULATION_202301260600_patch000_solution.npz,,2026-07-15T09:09:44.436759+00:00,c63dbd040a8d28f83e097f3d9c7e95f03eaaa63d0ac3e08ef4ab67d8459f86d1
RAD_OPERA_HOURLY_RAINFALL_ACCUMULATION_202301260800_patch001,est_input_RAD_OPERA_HOURLY_RAINFALL_ACCUMULATION_202301260800_patch001.json,ildw,ILDW,completed,True,,672,464,311808,,,,,,23.192875249995268,,/Users/isoto/Projects/Rainfall-Estimation/Compute-Link-Attenuations/HundredPatches/pipeline/timing/all_methods/solutions/ildw/est_input_RAD_OPERA_HOURLY_RAINFALL_ACCUMULATION_202301260800_patch001_solution.npz,,2026-07-15T09:10:07.633990+00:00,c63dbd040a8d28f83e097f3d9c7e95f03eaaa63d0ac3e08ef4ab67d8459f86d1
RAD_OPERA_HOURLY_RAINFALL_ACCUMULATION_202301260900_patch000,est_input_RAD_OPERA_HOURLY_RAINFALL_ACCUMULATION_202301260900_patch000.json,ildw,ILDW,completed,True,,400,464,185600,,,,,,12.842513208001037,,/Users/isoto/Projects/Rainfall-Estimation/Compute-Link-Attenuations/HundredPatches/pipeline/timing/all_methods/solutions/ildw/est_input_RAD_OPERA_HOURLY_RAINFALL_ACCUMULATION_202301260900_patch000_solution.npz,,2026-07-15T09:10:20.481196+00:00,c63dbd040a8d28f83e097f3d9c7e95f03eaaa63d0ac3e08ef4ab67d8459f86d1
RAD_OPERA_HOURLY_RAINFALL_ACCUMULATION_202301260900_patch001,est_input_RAD_OPERA_HOURLY_RAINFALL_ACCUMULATION_202301260900_patch001.json,ildw,ILDW,completed,True,,608,448,272384,,,,,,18.910212957998738,,/Users/isoto/Projects/Rainfall-Estimation/Compute-Link-Attenuations/HundredPatches/pipeline/timing/all_methods/solutions/ildw/est_input_RAD_OPERA_HOURLY_RAINFALL_ACCUMULATION_202301260900_patch001_solution.npz,,2026-07-15T09:10:39.397359+00:00,c63dbd040a8d28f83e097f3d9c7e95f03eaaa63d0ac3e08ef4ab67d8459f86d1
RAD_OPERA_HOURLY_RAINFALL_ACCUMULATION_202301270400_patch000,est_input_RAD_OPERA_HOURLY_RAINFALL_ACCUMULATION_202301270400_patch000.json,ildw,ILDW,completed,True,,400,560,224000,,,,,,16.756999624994933,,/Users/isoto/Projects/Rainfall-Estimation/Compute-Link-Attenuations/HundredPatches/pipeline/timing/all_methods/solutions/ildw/est_input_RAD_OPERA_HOURLY_RAINFALL_ACCUMULATION_202301270400_patch000_solution.npz,,2026-07-15T09:10:56.158770+00:00,c63dbd040a8d28f83e097f3d9c7e95f03eaaa63d0ac3e08ef4ab67d8459f86d1
RAD_OPERA_HOURLY_RAINFALL_ACCUMULATION_202301270700_patch000,est_input_RAD_OPERA_HOURLY_RAINFALL_ACCUMULATION_202301270700_patch000.json,ildw,ILDW,completed,True,,688,560,385280,,,,,,28.42600783301168,,/Users/isoto/Projects/Rainfall-Estimation/Compute-Link-Attenuations/HundredPatches/pipeline/timing/all_methods/solutions/ildw/est_input_RAD_OPERA_HOURLY_RAINFALL_ACCUMULATION_202301270700_patch000_solution.npz,,2026-07-15T09:11:24.590664+00:00,c63dbd040a8d28f83e097f3d9c7e95f03eaaa63d0ac3e08ef4ab67d8459f86d1
RAD_OPERA_HOURLY_RAINFALL_ACCUMULATION_202301270800_patch000,est_input_RAD_OPERA_HOURLY_RAINFALL_ACCUMULATION_202301270800_patch000.json,ildw,ILDW,completed,True,,400,416,166400,,,,,,9.432079792008153,,/Users/isoto/Projects/Rainfall-Estimation/Compute-Link-Attenuations/HundredPatches/pipeline/timing/all_methods/solutions/ildw/est_input_RAD_OPERA_HOURLY_RAINFALL_ACCUMULATION_202301270800_patch000_solution.npz,,2026-07-15T09:11:34.027974+00:00,c63dbd040a8d28f83e097f3d9c7e95f03eaaa63d0ac3e08ef4ab67d8459f86d1
RAD_OPERA_HOURLY_RAINFALL_ACCUMULATION_202301270900_patch000,est_input_RAD_OPERA_HOURLY_RAINFALL_ACCUMULATION_202301270900_patch000.json,ildw,ILDW,completed,True,,528,592,312576,,,,,,20.546300750007504,,/Users/isoto/Projects/Rainfall-Estimation/Compute-Link-Attenuations/HundredPatches/pipeline/timing/all_methods/solutions/ildw/est_input_RAD_OPERA_HOURLY_RAINFALL_ACCUMULATION_202301270900_patch000_solution.npz,,2026-07-15T09:11:54.578529+00:00,c63dbd040a8d28f83e097f3d9c7e95f03eaaa63d0ac3e08ef4ab67d8459f86d1
RAD_OPERA_HOURLY_RAINFALL_ACCUMULATION_202301271000_patch001,est_input_RAD_OPERA_HOURLY_RAINFALL_ACCUMULATION_202301271000_patch001.json,ildw,ILDW,completed,True,,528,496,261888,,,,,,17.592163332999917,,/Users/isoto/Projects/Rainfall-Estimation/Compute-Link-Attenuations/HundredPatches/pipeline/timing/all_methods/solutions/ildw/est_input_RAD_OPERA_HOURLY_RAINFALL_ACCUMULATION_202301271000_patch001_solution.npz,,2026-07-15T09:12:12.175321+00:00,c63dbd040a8d28f83e097f3d9c7e95f03eaaa63d0ac3e08ef4ab67d8459f86d1
RAD_OPERA_HOURLY_RAINFALL_ACCUMULATION_202301271800_patch000,est_input_RAD_OPERA_HOURLY_RAINFALL_ACCUMULATION_202301271800_patch000.json,ildw,ILDW,completed,True,,528,592,312576,,,,,,20.376890083003673,,/Users/isoto/Projects/Rainfall-Estimation/Compute-Link-Attenuations/HundredPatches/pipeline/timing/all_methods/solutions/ildw/est_input_RAD_OPERA_HOURLY_RAINFALL_ACCUMULATION_202301271800_patch000_solution.npz,,2026-07-15T09:12:32.556788+00:00,c63dbd040a8d28f83e097f3d9c7e95f03eaaa63d0ac3e08ef4ab67d8459f86d1
RAD_OPERA_HOURLY_RAINFALL_ACCUMULATION_202301272100_patch001,est_input_RAD_OPERA_HOURLY_RAINFALL_ACCUMULATION_202301272100_patch001.json,ildw,ILDW,completed,True,,496,448,222208,,,,,,13.453501417010557,,/Users/isoto/Projects/Rainfall-Estimation/Compute-Link-Attenuations/HundredPatches/pipeline/timing/all_methods/solutions/ildw/est_input_RAD_OPERA_HOURLY_RAINFALL_ACCUMULATION_202301272100_patch001_solution.npz,,2026-07-15T09:12:46.014956+00:00,c63dbd040a8d28f83e097f3d9c7e95f03eaaa63d0ac3e08ef4ab67d8459f86d1
RAD_OPERA_HOURLY_RAINFALL_ACCUMULATION_202301272300_patch000,est_input_RAD_OPERA_HOURLY_RAINFALL_ACCUMULATION_202301272300_patch000.json,ildw,ILDW,completed,True,,592,400,236800,,,,,,15.799750374993891,,/Users/isoto/Projects/Rainfall-Estimation/Compute-Link-Attenuations/HundredPatches/pipeline/timing/all_methods/solutions/ildw/est_input_RAD_OPERA_HOURLY_RAINFALL_ACCUMULATION_202301272300_patch000_solution.npz,,2026-07-15T09:13:01.819826+00:00,c63dbd040a8d28f83e097f3d9c7e95f03eaaa63d0ac3e08ef4ab67d8459f86d1
RAD_OPERA_HOURLY_RAINFALL_ACCUMULATION_202301272300_patch002,est_input_RAD_OPERA_HOURLY_RAINFALL_ACCUMULATION_202301272300_patch002.json,ildw,ILDW,completed,True,,560,576,322560,,,,,,21.19121562500368,,/Users/isoto/Projects/Rainfall-Estimation/Compute-Link-Attenuations/HundredPatches/pipeline/timing/all_methods/solutions/ildw/est_input_RAD_OPERA_HOURLY_RAINFALL_ACCUMULATION_202301272300_patch002_solution.npz,,2026-07-15T09:13:23.015692+00:00,c63dbd040a8d28f83e097f3d9c7e95f03eaaa63d0ac3e08ef4ab67d8459f86d1
RAD_OPERA_HOURLY_RAINFALL_ACCUMULATION_202301280000_patch001,est_input_RAD_OPERA_HOURLY_RAINFALL_ACCUMULATION_202301280000_patch001.json,ildw,ILDW,completed,True,,432,480,207360,,,,,,13.907957375005935,,/Users/isoto/Projects/Rainfall-Estimation/Compute-Link-Attenuations/HundredPatches/pipeline/timing/all_methods/solutions/ildw/est_input_RAD_OPERA_HOURLY_RAINFALL_ACCUMULATION_202301280000_patch001_solution.npz,,2026-07-15T09:13:36.929873+00:00,c63dbd040a8d28f83e097f3d9c7e95f03eaaa63d0ac3e08ef4ab67d8459f86d1
RAD_OPERA_HOURLY_RAINFALL_ACCUMULATION_202301280700_patch000,est_input_RAD_OPERA_HOURLY_RAINFALL_ACCUMULATION_202301280700_patch000.json,ildw,ILDW,completed,True,,448,640,286720,,,,,,21.555965874998947,,/Users/isoto/Projects/Rainfall-Estimation/Compute-Link-Attenuations/HundredPatches/pipeline/timing/all_methods/solutions/ildw/est_input_RAD_OPERA_HOURLY_RAINFALL_ACCUMULATION_202301280700_patch000_solution.npz,,2026-07-15T09:13:58.490475+00:00,c63dbd040a8d28f83e097f3d9c7e95f03eaaa63d0ac3e08ef4ab67d8459f86d1
RAD_OPERA_HOURLY_RAINFALL_ACCUMULATION_202301280800_patch000,est_input_RAD_OPERA_HOURLY_RAINFALL_ACCUMULATION_202301280800_patch000.json,ildw,ILDW,completed,True,,400,496,198400,,,,,,14.754694792005466,,/Users/isoto/Projects/Rainfall-Estimation/Compute-Link-Attenuations/HundredPatches/pipeline/timing/all_methods/solutions/ildw/est_input_RAD_OPERA_HOURLY_RAINFALL_ACCUMULATION_202301280800_patch000_solution.npz,,2026-07-15T09:14:13.254506+00:00,c63dbd040a8d28f83e097f3d9c7e95f03eaaa63d0ac3e08ef4ab67d8459f86d1
RAD_OPERA_HOURLY_RAINFALL_ACCUMULATION_202301280900_patch000,est_input_RAD_OPERA_HOURLY_RAINFALL_ACCUMULATION_202301280900_patch000.json,ildw,ILDW,completed,True,,592,400,236800,,,,,,16.1221145419986,,/Users/isoto/Projects/Rainfall-Estimation/Compute-Link-Attenuations/HundredPatches/pipeline/timing/all_methods/solutions/ildw/est_input_RAD_OPERA_HOURLY_RAINFALL_ACCUMULATION_202301280900_patch000_solution.npz,,2026-07-15T09:14:29.381157+00:00,c63dbd040a8d28f83e097f3d9c7e95f03eaaa63d0ac3e08ef4ab67d8459f86d1
RAD_OPERA_HOURLY_RAINFALL_ACCUMULATION_202301281000_patch001,est_input_RAD_OPERA_HOURLY_RAINFALL_ACCUMULATION_202301281000_patch001.json,ildw,ILDW,completed,True,,528,400,211200,,,,,,13.346939415991073,,/Users/isoto/Projects/Rainfall-Estimation/Compute-Link-Attenuations/HundredPatches/pipeline/timing/all_methods/solutions/ildw/est_input_RAD_OPERA_HOURLY_RAINFALL_ACCUMULATION_202301281000_patch001_solution.npz,,2026-07-15T09:14:42.733955+00:00,c63dbd040a8d28f83e097f3d9c7e95f03eaaa63d0ac3e08ef4ab67d8459f86d1
RAD_OPERA_HOURLY_RAINFALL_ACCUMULATION_202301281900_patch000,est_input_RAD_OPERA_HOURLY_RAINFALL_ACCUMULATION_202301281900_patch000.json,ildw,ILDW,completed,True,,464,592,274688,,,,,,20.675921166999615,,/Users/isoto/Projects/Rainfall-Estimation/Compute-Link-Attenuations/HundredPatches/pipeline/timing/all_methods/solutions/ildw/est_input_RAD_OPERA_HOURLY_RAINFALL_ACCUMULATION_202301281900_patch000_solution.npz,,2026-07-15T09:15:03.415561+00:00,c63dbd040a8d28f83e097f3d9c7e95f03eaaa63d0ac3e08ef4ab67d8459f86d1
RAD_OPERA_HOURLY_RAINFALL_ACCUMULATION_202301282100_patch000,est_input_RAD_OPERA_HOURLY_RAINFALL_ACCUMULATION_202301282100_patch000.json,ildw,ILDW,completed,True,,576,416,239616,,,,,,14.621774582992657,,/Users/isoto/Projects/Rainfall-Estimation/Compute-Link-Attenuations/HundredPatches/pipeline/timing/all_methods/solutions/ildw/est_input_RAD_OPERA_HOURLY_RAINFALL_ACCUMULATION_202301282100_patch000_solution.npz,,2026-07-15T09:15:18.042007+00:00,c63dbd040a8d28f83e097f3d9c7e95f03eaaa63d0ac3e08ef4ab67d8459f86d1
RAD_OPERA_HOURLY_RAINFALL_ACCUMULATION_202301282200_patch000,est_input_RAD_OPERA_HOURLY_RAINFALL_ACCUMULATION_202301282200_patch000.json,ildw,ILDW,completed,True,,640,496,317440,,,,,,20.637142374995165,,/Users/isoto/Projects/Rainfall-Estimation/Compute-Link-Attenuations/HundredPatches/pipeline/timing/all_methods/solutions/ildw/est_input_RAD_OPERA_HOURLY_RAINFALL_ACCUMULATION_202301282200_patch000_solution.npz,,2026-07-15T09:15:38.684281+00:00,c63dbd040a8d28f83e097f3d9c7e95f03eaaa63d0ac3e08ef4ab67d8459f86d1
RAD_OPERA_HOURLY_RAINFALL_ACCUMULATION_202301282200_patch001,est_input_RAD_OPERA_HOURLY_RAINFALL_ACCUMULATION_202301282200_patch001.json,ildw,ILDW,completed,True,,704,640,450560,,,,,,34.69284187500307,,/Users/isoto/Projects/Rainfall-Estimation/Compute-Link-Attenuations/HundredPatches/pipeline/timing/all_methods/solutions/ildw/est_input_RAD_OPERA_HOURLY_RAINFALL_ACCUMULATION_202301282200_patch001_solution.npz,,2026-07-15T09:16:13.384529+00:00,c63dbd040a8d28f83e097f3d9c7e95f03eaaa63d0ac3e08ef4ab67d8459f86d1
RAD_OPERA_HOURLY_RAINFALL_ACCUMULATION_202301290800_patch000,est_input_RAD_OPERA_HOURLY_RAINFALL_ACCUMULATION_202301290800_patch000.json,ildw,ILDW,completed,True,,512,592,303104,,,,,,22.882332790992223,,/Users/isoto/Projects/Rainfall-Estimation/Compute-Link-Attenuations/HundredPatches/pipeline/timing/all_methods/solutions/ildw/est_input_RAD_OPERA_HOURLY_RAINFALL_ACCUMULATION_202301290800_patch000_solution.npz,,2026-07-15T09:16:36.274704+00:00,c63dbd040a8d28f83e097f3d9c7e95f03eaaa63d0ac3e08ef4ab67d8459f86d1
RAD_OPERA_HOURLY_RAINFALL_ACCUMULATION_202301291100_patch000,est_input_RAD_OPERA_HOURLY_RAINFALL_ACCUMULATION_202301291100_patch000.json,ildw,ILDW,completed,True,,400,416,166400,,,,,,9.208087457998772,,/Users/isoto/Projects/Rainfall-Estimation/Compute-Link-Attenuations/HundredPatches/pipeline/timing/all_methods/solutions/ildw/est_input_RAD_OPERA_HOURLY_RAINFALL_ACCUMULATION_202301291100_patch000_solution.npz,,2026-07-15T09:16:45.487520+00:00,c63dbd040a8d28f83e097f3d9c7e95f03eaaa63d0ac3e08ef4ab67d8459f86d1
RAD_OPERA_HOURLY_RAINFALL_ACCUMULATION_202301291700_patch000,est_input_RAD_OPERA_HOURLY_RAINFALL_ACCUMULATION_202301291700_patch000.json,ildw,ILDW,completed,True,,416,640,266240,,,,,,19.749841583994566,,/Users/isoto/Projects/Rainfall-Estimation/Compute-Link-Attenuations/HundredPatches/pipeline/timing/all_methods/solutions/ildw/est_input_RAD_OPERA_HOURLY_RAINFALL_ACCUMULATION_202301291700_patch000_solution.npz,,2026-07-15T09:17:05.241936+00:00,c63dbd040a8d28f83e097f3d9c7e95f03eaaa63d0ac3e08ef4ab67d8459f86d1
RAD_OPERA_HOURLY_RAINFALL_ACCUMULATION_202301291900_patch000,est_input_RAD_OPERA_HOURLY_RAINFALL_ACCUMULATION_202301291900_patch000.json,ildw,ILDW,completed,True,,704,704,495616,,,,,,37.76393816700147,,/Users/isoto/Projects/Rainfall-Estimation/Compute-Link-Attenuations/HundredPatches/pipeline/timing/all_methods/solutions/ildw/est_input_RAD_OPERA_HOURLY_RAINFALL_ACCUMULATION_202301291900_patch000_solution.npz,,2026-07-15T09:17:43.012636+00:00,c63dbd040a8d28f83e097f3d9c7e95f03eaaa63d0ac3e08ef4ab67d8459f86d1
RAD_OPERA_HOURLY_RAINFALL_ACCUMULATION_202301292200_patch002,est_input_RAD_OPERA_HOURLY_RAINFALL_ACCUMULATION_202301292200_patch002.json,ildw,ILDW,completed,True,,416,400,166400,,,,,,9.534982832992682,,/Users/isoto/Projects/Rainfall-Estimation/Compute-Link-Attenuations/HundredPatches/pipeline/timing/all_methods/solutions/ildw/est_input_RAD_OPERA_HOURLY_RAINFALL_ACCUMULATION_202301292200_patch002_solution.npz,,2026-07-15T09:17:52.561492+00:00,c63dbd040a8d28f83e097f3d9c7e95f03eaaa63d0ac3e08ef4ab67d8459f86d1
RAD_OPERA_HOURLY_RAINFALL_ACCUMULATION_202301292300_patch001,est_input_RAD_OPERA_HOURLY_RAINFALL_ACCUMULATION_202301292300_patch001.json,ildw,ILDW,completed,True,,448,416,186368,,,,,,10.90334320900729,,/Users/isoto/Projects/Rainfall-Estimation/Compute-Link-Attenuations/HundredPatches/pipeline/timing/all_methods/solutions/ildw/est_input_RAD_OPERA_HOURLY_RAINFALL_ACCUMULATION_202301292300_patch001_solution.npz,,2026-07-15T09:18:03.470745+00:00,c63dbd040a8d28f83e097f3d9c7e95f03eaaa63d0ac3e08ef4ab67d8459f86d1
RAD_OPERA_HOURLY_RAINFALL_ACCUMULATION_202301292300_patch003,est_input_RAD_OPERA_HOURLY_RAINFALL_ACCUMULATION_202301292300_patch003.json,ildw,ILDW,completed,True,,416,416,173056,,,,,,9.53331650000473,,/Users/isoto/Projects/Rainfall-Estimation/Compute-Link-Attenuations/HundredPatches/pipeline/timing/all_methods/solutions/ildw/est_input_RAD_OPERA_HOURLY_RAINFALL_ACCUMULATION_202301292300_patch003_solution.npz,,2026-07-15T09:18:13.008557+00:00,c63dbd040a8d28f83e097f3d9c7e95f03eaaa63d0ac3e08ef4ab67d8459f86d1
RAD_OPERA_HOURLY_RAINFALL_ACCUMULATION_202301300000_patch001,est_input_RAD_OPERA_HOURLY_RAINFALL_ACCUMULATION_202301300000_patch001.json,ildw,ILDW,completed,True,,448,464,207872,,,,,,15.40017291699769,,/Users/isoto/Projects/Rainfall-Estimation/Compute-Link-Attenuations/HundredPatches/pipeline/timing/all_methods/solutions/ildw/est_input_RAD_OPERA_HOURLY_RAINFALL_ACCUMULATION_202301300000_patch001_solution.npz,,2026-07-15T09:18:28.413271+00:00,c63dbd040a8d28f83e097f3d9c7e95f03eaaa63d0ac3e08ef4ab67d8459f86d1
RAD_OPERA_HOURLY_RAINFALL_ACCUMULATION_202301300200_patch001,est_input_RAD_OPERA_HOURLY_RAINFALL_ACCUMULATION_202301300200_patch001.json,ildw,ILDW,completed,True,,544,720,391680,,,,,,24.62655254198762,,/Users/isoto/Projects/Rainfall-Estimation/Compute-Link-Attenuations/HundredPatches/pipeline/timing/all_methods/solutions/ildw/est_input_RAD_OPERA_HOURLY_RAINFALL_ACCUMULATION_202301300200_patch001_solution.npz,,2026-07-15T09:18:53.045684+00:00,c63dbd040a8d28f83e097f3d9c7e95f03eaaa63d0ac3e08ef4ab67d8459f86d1
RAD_OPERA_HOURLY_RAINFALL_ACCUMULATION_202301301000_patch000,est_input_RAD_OPERA_HOURLY_RAINFALL_ACCUMULATION_202301301000_patch000.json,ildw,ILDW,completed,True,,704,528,371712,,,,,,23.723189291995368,,/Users/isoto/Projects/Rainfall-Estimation/Compute-Link-Attenuations/HundredPatches/pipeline/timing/all_methods/solutions/ildw/est_input_RAD_OPERA_HOURLY_RAINFALL_ACCUMULATION_202301301000_patch000_solution.npz,,2026-07-15T09:19:16.774745+00:00,c63dbd040a8d28f83e097f3d9c7e95f03eaaa63d0ac3e08ef4ab67d8459f86d1
RAD_OPERA_HOURLY_RAINFALL_ACCUMULATION_202301302200_patch000,est_input_RAD_OPERA_HOURLY_RAINFALL_ACCUMULATION_202301302200_patch000.json,ildw,ILDW,completed,True,,576,416,239616,,,,,,16.8753557500022,,/Users/isoto/Projects/Rainfall-Estimation/Compute-Link-Attenuations/HundredPatches/pipeline/timing/all_methods/solutions/ildw/est_input_RAD_OPERA_HOURLY_RAINFALL_ACCUMULATION_202301302200_patch000_solution.npz,,2026-07-15T09:19:33.656107+00:00,c63dbd040a8d28f83e097f3d9c7e95f03eaaa63d0ac3e08ef4ab67d8459f86d1
RAD_OPERA_HOURLY_RAINFALL_ACCUMULATION_202301302200_patch001,est_input_RAD_OPERA_HOURLY_RAINFALL_ACCUMULATION_202301302200_patch001.json,ildw,ILDW,completed,True,,560,656,367360,,,,,,23.824527999997372,,/Users/isoto/Projects/Rainfall-Estimation/Compute-Link-Attenuations/HundredPatches/pipeline/timing/all_methods/solutions/ildw/est_input_RAD_OPERA_HOURLY_RAINFALL_ACCUMULATION_202301302200_patch001_solution.npz,,2026-07-15T09:19:57.485360+00:00,c63dbd040a8d28f83e097f3d9c7e95f03eaaa63d0ac3e08ef4ab67d8459f86d1
RAD_OPERA_HOURLY_RAINFALL_ACCUMULATION_202301302200_patch002,est_input_RAD_OPERA_HOURLY_RAINFALL_ACCUMULATION_202301302200_patch002.json,ildw,ILDW,completed,True,,512,576,294912,,,,,,22.40307883299829,,/Users/isoto/Projects/Rainfall-Estimation/Compute-Link-Attenuations/HundredPatches/pipeline/timing/all_methods/solutions/ildw/est_input_RAD_OPERA_HOURLY_RAINFALL_ACCUMULATION_202301302200_patch002_solution.npz,,2026-07-15T09:20:19.894422+00:00,c63dbd040a8d28f83e097f3d9c7e95f03eaaa63d0ac3e08ef4ab67d8459f86d1
RAD_OPERA_HOURLY_RAINFALL_ACCUMULATION_202301310000_patch001,est_input_RAD_OPERA_HOURLY_RAINFALL_ACCUMULATION_202301310000_patch001.json,ildw,ILDW,completed,True,,400,576,230400,,,,,,14.995358083004248,,/Users/isoto/Projects/Rainfall-Estimation/Compute-Link-Attenuations/HundredPatches/pipeline/timing/all_methods/solutions/ildw/est_input_RAD_OPERA_HOURLY_RAINFALL_ACCUMULATION_202301310000_patch001_solution.npz,,2026-07-15T09:20:34.894765+00:00,c63dbd040a8d28f83e097f3d9c7e95f03eaaa63d0ac3e08ef4ab67d8459f86d1
RAD_OPERA_HOURLY_RAINFALL_ACCUMULATION_202301310200_patch000,est_input_RAD_OPERA_HOURLY_RAINFALL_ACCUMULATION_202301310200_patch000.json,ildw,ILDW,completed,True,,416,416,173056,,,,,,9.82170883299841,,/Users/isoto/Projects/Rainfall-Estimation/Compute-Link-Attenuations/HundredPatches/pipeline/timing/all_methods/solutions/ildw/est_input_RAD_OPERA_HOURLY_RAINFALL_ACCUMULATION_202301310200_patch000_solution.npz,,2026-07-15T09:20:44.721694+00:00,c63dbd040a8d28f83e097f3d9c7e95f03eaaa63d0ac3e08ef4ab67d8459f86d1
RAD_OPERA_HOURLY_RAINFALL_ACCUMULATION_202301310900_patch000,est_input_RAD_OPERA_HOURLY_RAINFALL_ACCUMULATION_202301310900_patch000.json,ildw,ILDW,completed,True,,432,544,235008,,,,,,17.914476667006966,,/Users/isoto/Projects/Rainfall-Estimation/Compute-Link-Attenuations/HundredPatches/pipeline/timing/all_methods/solutions/ildw/est_input_RAD_OPERA_HOURLY_RAINFALL_ACCUMULATION_202301310900_patch000_solution.npz,,2026-07-15T09:21:02.641094+00:00,c63dbd040a8d28f83e097f3d9c7e95f03eaaa63d0ac3e08ef4ab67d8459f86d1
RAD_OPERA_HOURLY_RAINFALL_ACCUMULATION_202301311600_patch000,est_input_RAD_OPERA_HOURLY_RAINFALL_ACCUMULATION_202301311600_patch000.json,ildw,ILDW,completed,True,,624,416,259584,,,,,,17.56653737499437,,/Users/isoto/Projects/Rainfall-Estimation/Compute-Link-Attenuations/HundredPatches/pipeline/timing/all_methods/solutions/ildw/est_input_RAD_OPERA_HOURLY_RAINFALL_ACCUMULATION_202301311600_patch000_solution.npz,,2026-07-15T09:21:20.212529+00:00,c63dbd040a8d28f83e097f3d9c7e95f03eaaa63d0ac3e08ef4ab67d8459f86d1
RAD_OPERA_HOURLY_RAINFALL_ACCUMULATION_202301312000_patch001,est_input_RAD_OPERA_HOURLY_RAINFALL_ACCUMULATION_202301312000_patch001.json,ildw,ILDW,completed,True,,480,416,199680,,,,,,13.73250470799394,,/Users/isoto/Projects/Rainfall-Estimation/Compute-Link-Attenuations/HundredPatches/pipeline/timing/all_methods/solutions/ildw/est_input_RAD_OPERA_HOURLY_RAINFALL_ACCUMULATION_202301312000_patch001_solution.npz,,2026-07-15T09:21:33.949847+00:00,c63dbd040a8d28f83e097f3d9c7e95f03eaaa63d0ac3e08ef4ab67d8459f86d1
