patch,seconds,outer,inner,cg,relative_step,outer_ratio,primal_ratio,dual_ratio,objective_initial,objective_final,objective_reduction,final_relative_objective_decrease,data_term,penalty,pixels,links
RAD_OPERA_HOURLY_RAINFALL_ACCUMULATION_202301180600_patch000,124.43400120899605,50,12896,36368,0.0033290946915884904,332.909469158849,0.010824703911282773,0.9893790107470661,629308720.7941973,155579.3869457889,0.999752777322473,0.004540935106506892,203.86116570961258,155375.52578007928,215040,1183
RAD_OPERA_HOURLY_RAINFALL_ACCUMULATION_202301180900_patch002,156.29983158400137,50,13848,113960,0.003330954599307949,333.09545993079485,0.013945457130324343,0.9869060510972196,461797029.41964996,128124.37871819707,0.9997225526139065,0.00448583372336175,117.62729499534521,128006.75142320173,192000,1084
RAD_OPERA_HOURLY_RAINFALL_ACCUMULATION_202301181200_patch003,113.44101033300103,50,12178,51332,0.0032841419173312695,328.4141917331269,0.011268564265218415,0.9852652443847204,731572605.2545283,169525.3727354391,0.9997682726614996,0.004369516436493592,156.61010136808974,169368.762634071,204800,1105
RAD_OPERA_HOURLY_RAINFALL_ACCUMULATION_202301181300_patch002,106.39604754099855,50,12542,35592,0.0032986058105747107,329.86058105747105,0.008801693722020382,0.9936473459319602,513876187.5778438,138493.02270132722,0.9997304934027901,0.004615683367505484,111.55923394323341,138381.463467384,207360,1162
RAD_OPERA_HOURLY_RAINFALL_ACCUMULATION_202301181900_patch000,171.94101933400088,50,12852,38720,0.003315214167523217,331.52141675232167,0.012676103290746057,0.99323129025351,492427174.3369584,149557.98761345528,0.9996962840488752,0.004846051627765026,156.0347764891792,149401.95283696608,277760,1412
RAD_OPERA_HOURLY_RAINFALL_ACCUMULATION_202301190000_patch000,131.79511350000394,50,12177,34366,0.0032348939147328866,323.48939147328866,0.010192511034013078,0.9947871727036913,939489858.6257321,232368.43384625152,0.9997526653090368,0.00416470247128803,191.40423728839488,232177.02960896312,276480,1336
RAD_OPERA_HOURLY_RAINFALL_ACCUMULATION_202301190300_patch000,189.3929497499994,50,12383,35212,0.0032021021150394177,320.21021150394176,0.011171659098348944,0.9944790271504352,1250546183.3518312,305995.70668840205,0.9997553103509794,0.0040089365837324515,294.65190899131704,305701.0547794107,349440,1514
RAD_OPERA_HOURLY_RAINFALL_ACCUMULATION_202301190300_patch001,332.42695929099864,50,13632,136508,0.0033747991137596987,337.47991137596983,0.020437177245550702,0.9881576700449762,338277284.6785792,134666.9399252977,0.999601903686636,0.00533963230212378,132.72777756815427,134534.21214772953,365568,1632
RAD_OPERA_HOURLY_RAINFALL_ACCUMULATION_202301190700_patch000,200.76090466700407,50,12841,36753,0.0033451125122905506,334.511251229055,0.016194324431027547,0.9919767448001632,552584754.2252786,188288.5865110106,0.9996592584484619,0.004824302876402655,136.91034803803333,188151.67616297255,354816,1611
RAD_OPERA_HOURLY_RAINFALL_ACCUMULATION_202301190800_patch001,129.0289336249989,50,12811,37157,0.003292514337952819,329.25143379528186,0.010418521962892897,0.9973783186992792,712904904.1068856,186383.2407668314,0.9997385580605588,0.004383136518179636,174.65076306165636,186208.59000376976,249600,1240
RAD_OPERA_HOURLY_RAINFALL_ACCUMULATION_202301190800_patch002,134.9362642910055,50,11808,47570,0.0025174650494202977,251.74650494202976,0.004935794564956863,0.9979324392981179,2505151207.1852474,464816.79336599493,0.9998144555937252,0.0026946622817675455,383.32475508446436,464433.46861091047,253952,1326
RAD_OPERA_HOURLY_RAINFALL_ACCUMULATION_202301190900_patch001,125.20053645799635,50,12707,36426,0.003283557593836866,328.3557593836866,0.010524796705161368,0.9867943083292301,690415658.1408076,172512.76787686243,0.9997501320170787,0.00445379474825534,168.37410176270663,172344.3937750997,235008,1280
RAD_OPERA_HOURLY_RAINFALL_ACCUMULATION_202301192000_patch000,213.6178284580019,50,12441,44220,0.0033512177205902846,335.12177205902844,0.01156655737872344,0.991837015389803,854553988.141898,241374.68994222753,0.9997175430771003,0.004516228225800596,204.76228648269267,241169.92765574483,349184,1495
RAD_OPERA_HOURLY_RAINFALL_ACCUMULATION_202301200400_patch000,155.25334166699758,50,12771,36032,0.0032962203942743244,329.6220394274324,0.013798647350315689,0.9923552233308457,476434039.5802769,147202.5975735889,0.9996910325767167,0.004825305797387641,112.38440117967235,147090.21317240922,261888,1320
RAD_OPERA_HOURLY_RAINFALL_ACCUMULATION_202301200800_patch001,207.19276904199796,50,13072,38656,0.003317496195528413,331.7496195528413,0.014463331428462909,0.9936681859711239,637962710.6420588,187566.59035497694,0.9997059912950614,0.004805021758150151,217.79231577711485,187348.7980391998,331520,1522
RAD_OPERA_HOURLY_RAINFALL_ACCUMULATION_202301201300_patch000,78.73924441600684,50,12170,33334,0.0032069330207388277,320.69330207388276,0.00752084826383094,0.9953229720846807,525460556.988326,137221.93248514112,0.9997388539812168,0.0040995524519474484,106.88026717784273,137115.05221796327,166400,979
RAD_OPERA_HOURLY_RAINFALL_ACCUMULATION_202301201600_patch002,71.94504254200001,50,12065,33096,0.003251831740424443,325.18317404244425,0.011354453513855655,0.9900819103662603,455886339.9389196,118197.32596207349,0.999740730713761,0.004382999799836581,94.5867429713071,118102.73921910218,160000,938
RAD_OPERA_HOURLY_RAINFALL_ACCUMULATION_202301210300_patch000,221.5787300000011,50,12525,119221,0.0030742088012042524,307.42088012042524,0.009145072628789478,0.9870786235109644,1298344250.2806778,298460.54225585255,0.999770122182779,0.0033497547979653634,536.2401450509774,297924.30211080157,269824,1341
RAD_OPERA_HOURLY_RAINFALL_ACCUMULATION_202301210800_patch002,289.66826924999623,50,12135,143072,0.0028614497096122226,286.1449709612222,0.0077374269943917846,0.9963568939197215,2210521803.227567,474787.2765913721,0.9997852148411754,0.003159970633572381,369.7282019786346,474417.5483893935,350208,1566
RAD_OPERA_HOURLY_RAINFALL_ACCUMULATION_202301210900_patch000,300.2084102079971,50,11608,110216,0.00242242756246547,242.24275624654697,0.005612682704239969,0.9933975314947178,5239485725.424534,802664.2086883398,0.9998468047723094,0.002599607332546833,803.0933284424314,801861.1153598974,397824,1667
RAD_OPERA_HOURLY_RAINFALL_ACCUMULATION_202301211500_patch000,118.58454250000068,50,12477,35294,0.003263470642798632,326.34706427986316,0.012154964156094341,0.9956978925739062,516803813.7423529,142068.62396455926,0.9997251014404561,0.004322114920474716,84.53138335885689,141984.0925812004,206336,1154
RAD_OPERA_HOURLY_RAINFALL_ACCUMULATION_202301211800_patch000,120.13428516699787,50,12912,98820,0.003126937600113275,312.69376001132747,0.017344246751998662,0.9895370289477428,149199781.86265132,64872.18119413367,0.9995651992222492,0.004943730970447408,42.52537995254431,64829.655814181126,179200,1036
RAD_OPERA_HOURLY_RAINFALL_ACCUMULATION_202301211900_patch000,279.1037551250047,50,13349,126430,0.003255118867137711,325.51188671377105,0.01602770219492974,0.9985460910703314,381558430.8941683,140236.03398087606,0.9996324651151012,0.004778832345737753,89.29580767427795,140146.7381732018,304384,1489
RAD_OPERA_HOURLY_RAINFALL_ACCUMULATION_202301211900_patch001,154.12839841700043,50,12895,56860,0.0032969068603924184,329.6906860392418,0.01302729499426285,0.9997713929719618,490462131.68948305,160858.68209364678,0.999672026295813,0.004507856251414488,112.77347718715953,160745.90861645964,268800,1306
RAD_OPERA_HOURLY_RAINFALL_ACCUMULATION_202301212300_patch000,116.95293674999994,50,12858,39855,0.003341093315836891,334.1093315836891,0.0073821476967334985,0.989465517879291,665654092.2721815,157388.02593495065,0.9997635588397005,0.0046180322264417735,204.82230418822823,157183.20363076244,221184,1226
RAD_OPERA_HOURLY_RAINFALL_ACCUMULATION_202301220000_patch001,145.02775616700092,50,12604,34933,0.0032968383384962786,329.68383384962783,0.010920346057445489,0.994984081228857,966268957.1854665,229902.2096104058,0.9997620722388929,0.004296058146082378,224.1153823852013,229678.09422802058,286720,1399
RAD_OPERA_HOURLY_RAINFALL_ACCUMULATION_202301220100_patch001,129.06960095799877,50,12274,67775,0.003320381708853288,332.0381708853288,0.01008305089303334,0.9853769471717291,483013604.8566667,142825.21849294327,0.9997043039428769,0.0041652569485217394,91.33890093554781,142733.87959200772,193024,1113
RAD_OPERA_HOURLY_RAINFALL_ACCUMULATION_202301221200_patch000,224.07782920799946,50,12423,42400,0.003183009889066581,318.30098890665806,0.00891169774339623,0.9861853784649159,1389581860.7951212,346694.5185669945,0.9997505044298948,0.003844415592434011,278.13048454136276,346416.38808245317,354816,1560
RAD_OPERA_HOURLY_RAINFALL_ACCUMULATION_202301222100_patch000,176.4088386250005,50,13256,168942,0.003257302005313994,325.73020053139936,0.00942904541678023,0.9980176430960929,508865459.9691933,143998.00442098224,0.9997170214609777,0.00402568396799099,98.65109716260156,143899.35332381964,186368,1072
RAD_OPERA_HOURLY_RAINFALL_ACCUMULATION_202301230100_patch000,214.7738401250026,50,13709,154186,0.0034082736743791756,340.82736743791753,0.01283724497486361,0.9922662405893451,527184809.97659206,139101.24604911206,0.9997361432965883,0.004815519561429227,171.59652559554797,138929.6495235165,238080,1253
RAD_OPERA_HOURLY_RAINFALL_ACCUMULATION_202301230600_patch003,149.9210773329978,50,12861,36217,0.00327524938288835,327.52493828883496,0.011236129410604919,0.9891435519930197,719328082.0610904,188640.9089337104,0.9997377540045521,0.004426494649722038,222.02099030286035,188418.88794340752,268800,1393
RAD_OPERA_HOURLY_RAINFALL_ACCUMULATION_202301231200_patch001,190.1419228329978,50,13130,36972,0.003287729753115955,328.7729753115955,0.01541414168422788,0.9878390959618968,434542312.54932237,141848.64618873692,0.9996735677007917,0.005194563318614693,112.50961416873466,141736.1365745682,312576,1456
RAD_OPERA_HOURLY_RAINFALL_ACCUMULATION_202301231200_patch002,178.16105937500106,50,12227,34171,0.0033226778902512993,332.2677890251299,0.011673768788955588,0.9946075738553735,1039680474.1894006,260150.9357472506,0.9997497779921758,0.004348122070877522,209.54228337918414,259941.3934638714,329728,1409
RAD_OPERA_HOURLY_RAINFALL_ACCUMULATION_202301231200_patch003,161.34145904199977,50,11446,47978,0.002655931108231192,265.59311082311916,0.007810527308704222,0.99203771169685,2353132641.13298,458050.39571326814,0.9998053444214293,0.0027974404041416537,418.0331634830319,457632.3625497851,272384,1350
RAD_OPERA_HOURLY_RAINFALL_ACCUMULATION_202301231300_patch001,248.79334287500387,50,12167,119437,0.002475005135566536,247.50051355665357,0.005539485351753251,0.9878946534366697,3303849984.2557797,568023.7823560858,0.9998280721627607,0.002660630504722316,1230.9204225967308,566792.8619334891,306176,1478
RAD_OPERA_HOURLY_RAINFALL_ACCUMULATION_202301231400_patch002,208.11119833299745,50,12905,35665,0.0032963577543135714,329.6357754313571,0.011167525256984013,0.9907471862270938,705387979.8658261,207047.92817760218,0.9997064765291053,0.004624991941954506,186.52473658113783,206861.40344102104,335872,1575
RAD_OPERA_HOURLY_RAINFALL_ACCUMULATION_202301231400_patch003,216.44685637499788,50,13004,35921,0.0032898452930032896,328.9845293003289,0.012742125020450187,0.991352192829399,512902423.07430196,166580.64460267383,0.9996752196185695,0.004968546118239313,138.58196866794674,166442.06263400588,341504,1450
RAD_OPERA_HOURLY_RAINFALL_ACCUMULATION_202301231600_patch001,190.59988299999532,50,12801,35558,0.0032403698147433803,324.036981474338,0.01210772207590339,0.995631212593174,918014042.6937068,238291.55994559827,0.9997404271080141,0.004143621287840479,170.4841928798399,238121.07575271843,301568,1402
RAD_OPERA_HOURLY_RAINFALL_ACCUMULATION_202301231700_patch000,186.63948216699646,50,12803,40955,0.003322858882529476,332.2858882529476,0.011287294572474817,0.9879245344211469,797302695.1995271,206843.46079289357,0.999740570975066,0.004457353109880958,292.7152175336812,206550.7455753599,291840,1406
RAD_OPERA_HOURLY_RAINFALL_ACCUMULATION_202301231900_patch000,201.366729166999,50,12258,58676,0.0033398571865650047,333.98571865650047,0.010998461049733768,0.9848117595309487,858134107.7086048,243509.22152742112,0.9997162340718776,0.004329134750820529,194.65832424749917,243314.56320317363,330240,1457
RAD_OPERA_HOURLY_RAINFALL_ACCUMULATION_202301240500_patch000,372.0837498750043,50,11848,116352,0.001900031243164553,190.00312431645528,0.004130074470864422,0.9854979172322439,15479390082.436178,1484033.815706829,0.9999041284050726,0.0020879612684208144,7708.851749250098,1476324.9639575789,494592,1995
RAD_OPERA_HOURLY_RAINFALL_ACCUMULATION_202301240700_patch000,103.5656966250026,50,12428,34301,0.003299085262377455,329.9085262377455,0.015755904361981782,0.9900984806730753,381026300.0723147,113756.57211008486,0.9997014469287593,0.004736847478891708,95.70336399380562,113660.86874609106,193024,1097
RAD_OPERA_HOURLY_RAINFALL_ACCUMULATION_202301241500_patch000,355.2925889170001,50,13022,108097,0.0033916494110237862,339.1649411023786,0.014513479034226642,0.9857413226947132,968116621.8394911,286032.1682235234,0.9997045478181337,0.00443320263542102,290.55693488067567,285741.61128864274,433152,1757
RAD_OPERA_HOURLY_RAINFALL_ACCUMULATION_202301241500_patch001,120.07538720799494,50,11790,42171,0.003069795908593832,306.97959085938317,0.007790079979379639,0.9901136999026585,1172984572.253463,256249.34256266203,0.9997815407392184,0.0036706773295488563,363.96011222996395,255885.38245043208,235008,1226
RAD_OPERA_HOURLY_RAINFALL_ACCUMULATION_202301241700_patch000,125.59398391700233,50,12546,55923,0.003349698946288136,334.96989462881356,0.014657343945972042,0.9855349245278752,509559467.1837727,137701.1830227251,0.9997297642534565,0.004854601150562044,156.22458066059286,137544.95844206453,229376,1212
RAD_OPERA_HOURLY_RAINFALL_ACCUMULATION_202301241700_patch002,116.37014349999663,50,12247,73884,0.0031948699100067773,319.48699100067773,0.010455664894963421,0.9940186267944788,695645498.3360324,165317.9563702273,0.999762353157225,0.004020144968003815,157.83066960515632,165160.12570062216,186368,1072
RAD_OPERA_HOURLY_RAINFALL_ACCUMULATION_202301241900_patch001,93.07564858300611,50,12304,34526,0.0032717611190013363,327.1761119001336,0.01324256714445036,0.9952182768145323,483981987.9470752,129177.45547049266,0.9997330944979618,0.004355361510535921,72.73872791549466,129104.71674257716,185600,1065
RAD_OPERA_HOURLY_RAINFALL_ACCUMULATION_202301242200_patch001,320.0515052499977,50,13779,174914,0.003332793071360693,333.2793071360693,0.01445698714208688,0.9881090009486305,732415107.0984759,214945.11949681895,0.9997065255516802,0.004369555065123854,246.5503819551012,214698.56911486384,329728,1409
RAD_OPERA_HOURLY_RAINFALL_ACCUMULATION_202301250200_patch000,141.1733837089996,50,13123,56426,0.0033482185002344993,334.8218500234499,0.013058545788949194,0.9898861500385696,384205011.6792782,119216.68639406176,0.9996897055406098,0.004981861447123146,94.51535761432605,119122.17103644744,236544,1229
RAD_OPERA_HOURLY_RAINFALL_ACCUMULATION_202301250200_patch001,423.5962995000009,50,13126,148577,0.0034253793440003196,342.53793440003193,0.011966174600530066,0.994629111150782,1299751360.2505598,341753.051541012,0.9997370627475434,0.0044163563133786075,360.6701267731594,341392.38141423883,461824,1857
RAD_OPERA_HOURLY_RAINFALL_ACCUMULATION_202301250300_patch000,135.39993195800344,50,12910,36742,0.003311279187075115,331.12791870751147,0.015720213534747316,0.9904689296181222,514483227.42239547,145941.75586978716,0.9997163333067223,0.0048556600377766285,141.66444762268335,145800.09142216446,258048,1342
RAD_OPERA_HOURLY_RAINFALL_ACCUMULATION_202301250500_patch000,202.72253037500195,50,12323,37660,0.0032977811091111147,329.77811091111147,0.01202671721507992,0.992945883306359,884269737.4402983,283277.8485847574,0.999679647695052,0.004015864480906137,152.3656648459139,283125.4829199115,376832,1568
RAD_OPERA_HOURLY_RAINFALL_ACCUMULATION_202301251000_patch001,168.00859020800272,50,13085,102816,0.003368692760658981,336.8692760658981,0.011560524237962994,0.98716839601604,419424946.61731946,123296.4993070668,0.9997060344161656,0.004887774689192238,114.47846050945722,123182.02084655734,232960,1193
RAD_OPERA_HOURLY_RAINFALL_ACCUMULATION_202301251300_patch000,112.88271554200037,50,12782,46772,0.0032804573179237564,328.0457317923756,0.01413696911407972,0.9949139887506065,466444090.83872,127621.5005913725,0.999726394860396,0.004604591238257661,113.21700312594436,127508.28358824656,200448,1136
RAD_OPERA_HOURLY_RAINFALL_ACCUMULATION_202301251600_patch002,145.88044254099805,50,13492,104024,0.003230037694338933,323.0037694338933,0.018579012604837013,0.994595828524064,236478988.19114646,79376.38130447087,0.9996643406591358,0.005093947282415064,66.24992271397609,79310.13138175689,199680,1132
RAD_OPERA_HOURLY_RAINFALL_ACCUMULATION_202301252100_patch000,188.1905555419944,50,13194,37993,0.003316446423036373,331.6446423036373,0.014611977864490486,0.9936304766394087,455666472.603371,147071.79643541056,0.9996772380561705,0.005070312758208925,129.77731662699182,146942.01911878356,312576,1456
RAD_OPERA_HOURLY_RAINFALL_ACCUMULATION_202301252200_patch000,105.14104270799726,50,13205,37802,0.0032717117062409113,327.1711706240911,0.0144544575058678,0.9922808322374486,300569643.48021847,93227.97654497458,0.9996898290344111,0.004836679995575784,90.73722244929846,93137.23932252527,186368,1084
RAD_OPERA_HOURLY_RAINFALL_ACCUMULATION_202301260000_patch000,129.5600062500016,50,11424,96464,0.0016689247645179167,166.89247645179165,0.0016914249562670553,0.9852077715456079,8627742889.676098,710135.8017115793,0.9999176915897017,0.001921392753479266,5937.827652965797,704197.9740586135,199680,1122
RAD_OPERA_HOURLY_RAINFALL_ACCUMULATION_202301260200_patch000,159.93212566699367,50,12877,74460,0.003312281411835654,331.22814118356536,0.013153648744089455,0.9860518670622579,635787345.3754807,165958.2993978229,0.999738971999671,0.004196456512043415,134.54005280593734,165823.75934501697,230144,1233
RAD_OPERA_HOURLY_RAINFALL_ACCUMULATION_202301260200_patch001,133.05204733300343,50,13376,37401,0.0032715432345612255,327.15432345612254,0.01753816602277884,0.9866273852678379,363161971.9830252,116816.15523935288,0.9996783359375392,0.004883802779192138,91.90867101567468,116724.24656833721,237568,1282
RAD_OPERA_HOURLY_RAINFALL_ACCUMULATION_202301260600_patch000,97.89829545799876,50,11757,86672,0.0018097170823288705,180.97170823288704,0.0037786587280829818,0.984618721036428,5058691406.152803,534747.2586321103,0.9998942913857165,0.001977161726897034,1855.2436890245763,532892.0149430857,166400,979
RAD_OPERA_HOURLY_RAINFALL_ACCUMULATION_202301260800_patch001,181.13207266599784,50,12927,36973,0.0032780690954597766,327.80690954597765,0.015096664159145923,0.990576743567369,442316998.11221796,148228.3526650232,0.9996648820793738,0.004989133144519033,119.74333106875157,148108.60933395446,311808,1507
RAD_OPERA_HOURLY_RAINFALL_ACCUMULATION_202301260900_patch000,91.24589691600704,50,12197,34152,0.0032567572955414935,325.6757295541493,0.012208127004356148,0.9944316953783646,646236224.8878747,149680.61634120444,0.9997683809564109,0.004353122112554337,158.22477807933902,149522.3915631251,185600,1052
RAD_OPERA_HOURLY_RAINFALL_ACCUMULATION_202301260900_patch001,157.83661500000017,50,13125,38231,0.0032505521339977832,325.05521339977827,0.0179667395971564,0.9961430426385697,362244972.6901171,125869.088682929,0.9996525304747552,0.0049192817685978505,106.57294913238294,125762.51573379661,272384,1350
RAD_OPERA_HOURLY_RAINFALL_ACCUMULATION_202301270400_patch000,145.13805920899904,50,12899,91316,0.0033494046116348394,334.9404611634839,0.014020924573926513,0.9994546785565721,451741785.0693749,128892.80628368162,0.9997146759265054,0.0046858505346166375,162.16789229445604,128730.63839138717,224000,1146
RAD_OPERA_HOURLY_RAINFALL_ACCUMULATION_202301270700_patch000,356.59602599999926,50,13336,147380,0.0031608487879632176,316.08487879632173,0.01114189761350909,0.9978454505856756,1664928149.4263525,377735.3689442999,0.9997731221199699,0.0036667797322710916,396.93511422099914,377338.43383007887,385280,1658
RAD_OPERA_HOURLY_RAINFALL_ACCUMULATION_202301270800_patch000,83.30464441700315,50,12583,33937,0.0033023720058996545,330.2372005899654,0.011324956200143538,0.993473287742874,344109404.15824676,95902.63407848033,0.9997213019088709,0.0048742390920491,85.00874704261449,95817.62533143772,166400,984
RAD_OPERA_HOURLY_RAINFALL_ACCUMULATION_202301270900_patch000,174.2587657499971,50,12331,35024,0.003280176512114519,328.01765121145183,0.01081802950506299,0.9899152124432951,1045820582.7575095,256815.1230878127,0.9997544367290891,0.004218285504155949,240.61740780967014,256574.50568000303,312576,1456
RAD_OPERA_HOURLY_RAINFALL_ACCUMULATION_202301271000_patch001,192.1951755830014,50,12488,104076,0.002873054514921558,287.3054514921558,0.007177071195122969,0.9891007518292936,1513774431.5310497,343234.69172904873,0.9997732590242114,0.0031590179276696417,926.6563232708118,342308.0354057779,261888,1359
RAD_OPERA_HOURLY_RAINFALL_ACCUMULATION_202301271800_patch000,191.63866729100118,50,13459,37631,0.0032379939452091924,323.79939452091924,0.017351736573661892,0.9890854890987548,391847527.4642061,135280.60762888388,0.9996547621251961,0.005176891177434744,124.12744431921631,135156.48018456466,312576,1456
RAD_OPERA_HOURLY_RAINFALL_ACCUMULATION_202301272100_patch001,150.67183420900255,50,11691,91783,0.0028509129008833646,285.09129008833645,0.006980559601005209,0.9952540648300687,1483111128.9977443,308892.96137603995,0.9997917263545957,0.0030794274762774793,268.02369271665384,308624.9376833233,222208,1207
RAD_OPERA_HOURLY_RAINFALL_ACCUMULATION_202301272300_patch000,140.81092141699628,50,12928,52706,0.0032845171109152495,328.45171109152494,0.014029655182680097,0.9936410008921843,446566954.05028856,140521.62614252788,0.9996853290982057,0.004491230101901181,123.63137275459853,140397.99476977327,236800,1236
RAD_OPERA_HOURLY_RAINFALL_ACCUMULATION_202301272300_patch002,153.97677304199897,50,11766,33936,0.002754245579874343,275.4245579874343,0.00628492528805183,0.9943162143677298,2859900364.5228477,488111.33468158887,0.9998293257552827,0.0031228376222190617,546.4775648059504,487564.8571167829,322560,1506
RAD_OPERA_HOURLY_RAINFALL_ACCUMULATION_202301280000_patch001,98.87398637500883,50,12156,38222,0.003251983596166125,325.1983596166125,0.012149268703034231,0.9857892244909525,651952420.178636,166068.28190714685,0.9997452754575837,0.004207664094648816,146.4065732833365,165921.8753338635,207360,1162
RAD_OPERA_HOURLY_RAINFALL_ACCUMULATION_202301280700_patch000,143.29466541700822,50,11425,52234,0.002515621797792544,251.56217977925436,0.003381208676972849,0.9968786996056846,3499837425.574841,525771.5601759226,0.9998497725761963,0.0027792408678864846,460.4064661616902,525311.1537097609,286720,1364
RAD_OPERA_HOURLY_RAINFALL_ACCUMULATION_202301280800_patch000,88.66386620800768,50,11275,30878,0.00227495097424546,227.49509742454597,0.004038753816646307,0.9902392337755292,3621123370.2310367,445161.49384334416,0.9998770653611244,0.002578197550378505,609.3102402660141,444552.1836030781,198400,1094
RAD_OPERA_HOURLY_RAINFALL_ACCUMULATION_202301280900_patch000,241.99881870899117,50,13854,208352,0.0034001731160808193,340.0173116080819,0.01643207407584553,0.9887042193230865,437882771.63023156,141764.620024014,0.9996762498339539,0.004425943061214725,139.66008704428742,141624.9599369697,236800,1236
RAD_OPERA_HOURLY_RAINFALL_ACCUMULATION_202301281000_patch001,150.52895125000214,50,12322,121788,0.0029179474588888195,291.79474588888195,0.008022558818133286,0.9859201977535453,1317245559.0220773,260436.2911145737,0.999802287212638,0.0031065555313417115,157.84519721533468,260278.44591735836,211200,1186
RAD_OPERA_HOURLY_RAINFALL_ACCUMULATION_202301281900_patch000,156.56617458400433,50,12267,34764,0.003298392835080654,329.83928350806536,0.011557837315526183,0.9931714738454527,697723485.2603958,195035.60419350053,0.9997204686264491,0.004408568118928647,179.0959566220308,194856.5082368785,274688,1315
RAD_OPERA_HOURLY_RAINFALL_ACCUMULATION_202301282100_patch000,133.4927802500024,50,13108,43840,0.00330333997635937,330.33399763593695,0.010252715945362789,0.9850625805511459,574166509.2730789,158166.22065918386,0.9997245290031642,0.004573228544100757,156.28616297415667,158009.9344962097,239616,1287
RAD_OPERA_HOURLY_RAINFALL_ACCUMULATION_202301282200_patch000,179.4819938330038,50,11171,67875,0.002335189198083244,233.51891980832437,0.004488791924390062,0.9917231459485613,4616980926.9459095,688098.8142021451,0.9998509634704822,0.002411230466157896,1109.2950185131922,686989.5191836319,317440,1508
RAD_OPERA_HOURLY_RAINFALL_ACCUMULATION_202301282200_patch001,281.75154924999515,50,11408,92506,0.002519026600734868,251.90266007348677,0.004603599150894446,0.9877965901196345,5560232039.884717,862832.1057259993,0.9998448208456884,0.002707687518080799,1070.434825552954,861761.6709004464,450560,1846
RAD_OPERA_HOURLY_RAINFALL_ACCUMULATION_202301290800_patch000,170.44400133400632,50,12876,36955,0.0032923939573666176,329.2393957366617,0.011635430380222233,0.997362005115328,660185591.6152875,186166.1765336497,0.9997180093311668,0.00470236850248967,157.57278185623431,186008.60375179347,303104,1423
RAD_OPERA_HOURLY_RAINFALL_ACCUMULATION_202301291100_patch000,80.73408058399218,50,12177,33437,0.0031954534057231916,319.5453405723191,0.011051018869150756,0.9946665655033097,460297563.9094201,128328.52045888505,0.9997212053016988,0.004074780542422235,84.80249595703226,128243.71796292801,166400,984
RAD_OPERA_HOURLY_RAINFALL_ACCUMULATION_202301291700_patch000,137.92326108300767,50,12883,35108,0.003271219983838844,327.1219983838844,0.01511795449234781,0.9983394127329763,339940498.3025837,118340.07616638803,0.999651880029719,0.0051167294137279135,78.1324744327994,118261.94369195522,266240,1298
RAD_OPERA_HOURLY_RAINFALL_ACCUMULATION_202301291900_patch000,272.3052536250034,50,12575,34517,0.003265219147298256,326.52191472982554,0.008685266560754966,0.9887022376022635,1741052567.0339046,421231.8474578999,0.9997580590871099,0.004149399383279806,389.9814595227541,420841.86599837715,495616,1893
RAD_OPERA_HOURLY_RAINFALL_ACCUMULATION_202301292200_patch002,81.51088366599288,50,12654,33587,0.003244234178317836,324.4234178317836,0.014761919968249649,0.9956217336608479,251693616.74048084,84016.19933997627,0.9996661965431304,0.004824433110475749,57.872353533173346,83958.3269864431,166400,979
RAD_OPERA_HOURLY_RAINFALL_ACCUMULATION_202301292300_patch001,100.70682837499771,50,12716,37001,0.003300333129438914,330.03331294389136,0.010536765811180477,0.9951114386748179,460914198.9252099,127793.19329885006,0.9997227397342133,0.004509380855478794,104.64888502670938,127688.54441382336,186368,1084
RAD_OPERA_HOURLY_RAINFALL_ACCUMULATION_202301292300_patch003,94.34148691600421,50,12736,34597,0.00324048060992882,324.048060992882,0.01641274266837234,0.9896551303794145,236608425.6219945,77397.88800395167,0.9996728861713167,0.005184277462873344,54.1954405772886,77343.69256337438,173056,1027
RAD_OPERA_HOURLY_RAINFALL_ACCUMULATION_202301300000_patch001,117.26107595900248,50,12934,36562,0.0032536450748055106,325.364507480551,0.014844454882188062,0.9886022432035287,354656128.98077565,109696.38121557047,0.9996906965021842,0.004818401888850162,80.47991310369342,109615.90130246677,207872,1157
RAD_OPERA_HOURLY_RAINFALL_ACCUMULATION_202301300200_patch001,211.77774004200182,50,12916,36228,0.0032604994201072724,326.0499420107272,0.01586061514778424,0.9953237481574584,556762587.1187398,189420.2619183331,0.9996597827039734,0.004931165692683561,159.17511660392407,189261.08680172917,391680,1625
RAD_OPERA_HOURLY_RAINFALL_ACCUMULATION_202301301000_patch000,204.54483466599777,50,12623,34806,0.0032994259821787393,329.9425982178739,0.013645493238521636,0.9889588343979525,822813084.5964801,242577.1304274955,0.9997051856187406,0.004513775696841284,189.46402249184305,242387.66640500363,371712,1636
RAD_OPERA_HOURLY_RAINFALL_ACCUMULATION_202301302200_patch000,123.37931645799836,50,12241,40358,0.0033233259287426932,332.3325928742693,0.009529493734645835,0.99181605184791,606912155.8397894,173051.94216719895,0.9997148649264938,0.00432234489286605,162.2996157671633,172889.64255143178,239616,1287
RAD_OPERA_HOURLY_RAINFALL_ACCUMULATION_202301302200_patch001,220.51782420900417,50,12748,36873,0.0032720403809416787,327.20403809416786,0.013574233843530509,0.9948906205591601,489382289.7825749,179410.33404386428,0.9996333943058635,0.004799357569088952,110.22721517847769,179300.1068286858,367360,1621
RAD_OPERA_HOURLY_RAINFALL_ACCUMULATION_202301302200_patch002,162.45368308300385,50,12543,61723,0.0033851327973493683,338.5132797349368,0.010305855440500512,0.9961449584770595,600723055.1558328,189617.63924667845,0.9996843509873323,0.004477270240306683,206.0661622740975,189411.57308440434,294912,1411
RAD_OPERA_HOURLY_RAINFALL_ACCUMULATION_202301310000_patch001,117.18060158300796,50,12642,44214,0.0033009452014793905,330.094520147939,0.013979736827130206,0.9853521639228541,474795882.68245995,142218.5388237572,0.9997004638329627,0.004566402035593917,96.7471813253493,142121.79164243187,230400,1157
RAD_OPERA_HOURLY_RAINFALL_ACCUMULATION_202301310200_patch000,92.4842732919933,50,12263,38781,0.0032952637772752985,329.52637772752985,0.010012350542350805,0.9981290245680219,609411395.0049989,137193.1404631198,0.9997748759842897,0.004443830078139443,106.84777927918607,137086.2926838406,173056,1027
RAD_OPERA_HOURLY_RAINFALL_ACCUMULATION_202301310900_patch000,137.0290812089952,50,12535,59676,0.00333544763275723,333.54476327572297,0.01301253896277268,0.9892869708330906,485268018.33631504,141158.17298123945,0.9997091129692305,0.004730005272365788,121.94343926137094,141036.22954197807,235008,1226
RAD_OPERA_HOURLY_RAINFALL_ACCUMULATION_202301311600_patch000,141.04082725000626,50,12543,37125,0.003356478757508009,335.6478757508009,0.013510443000771616,0.9980624866512325,456692994.46217096,136877.30968206847,0.9997002859440766,0.005014642148864366,108.19327407738275,136769.1164079911,259584,1295
RAD_OPERA_HOURLY_RAINFALL_ACCUMULATION_202301312000_patch001,104.1227436659974,50,12593,36497,0.0032690051890521482,326.9005189052148,0.014286569471081489,0.9883975757838069,282646100.7622534,92478.38612887448,0.9996728120930044,0.005101031633654227,61.95371669354819,92416.43241218093,199680,1132
